0 verbose cli C:\Program Files\nodejs\node.exe C:\Program Files\nodejs\node_modules\npm\bin\npm-cli.js
1 info using npm@11.9.0
2 info using node@v25.6.1
3 silly config load:file:C:\Program Files\nodejs\node_modules\npm\npmrc
4 silly config load:file:C:\Users\alyad\Downloads\ProductGeni(NEW)\Cognizant_Hackathon-main\frontend\.npmrc
5 silly config load:file:C:\Users\alyad\.npmrc
6 silly config load:file:C:\Users\alyad\AppData\Roaming\npm\etc\npmrc
7 verbose title npm install
8 verbose argv "install" "--cache" ".npm-cache"
9 verbose logfile logs-max:10 dir:C:\Users\alyad\Downloads\ProductGeni(NEW)\Cognizant_Hackathon-main\frontend\.npm-cache\_logs\2026-09-06T06_51_51_766Z-
10 verbose logfile C:\Users\alyad\Downloads\ProductGeni(NEW)\Cognizant_Hackathon-main\frontend\.npm-cache\_logs\2026-09-06T06_51_51_766Z-debug-0.log
11 silly logfile done cleaning log files
12 silly packumentCache heap:2348810240 maxSize:587202560 maxEntrySize:293601280
13 silly idealTree buildDeps
14 silly reify moves {}
15 silly audit bulk request {
15 silly audit   '@alloc/quick-lru': [ '5.2.0' ],
15 silly audit   '@babel/code-frame': [ '7.29.7' ],
15 silly audit   '@babel/compat-data': [ '7.29.7' ],
15 silly audit   '@babel/core': [ '7.29.7' ],
15 silly audit   '@babel/generator': [ '7.29.8' ],
15 silly audit   '@babel/helper-compilation-targets': [ '7.29.7' ],
15 silly audit   '@babel/helper-globals': [ '7.29.7' ],
15 silly audit   '@babel/helper-module-imports': [ '7.29.7' ],
15 silly audit   '@babel/helper-module-transforms': [ '7.29.7' ],
15 silly audit   '@babel/helper-plugin-utils': [ '7.29.7' ],
15 silly audit   '@babel/helper-string-parser': [ '7.29.7' ],
15 silly audit   '@babel/helper-validator-identifier': [ '7.29.7' ],
15 silly audit   '@babel/helper-validator-option': [ '7.29.7' ],
15 silly audit   '@babel/helpers': [ '7.29.7' ],
15 silly audit   '@babel/parser': [ '7.29.8' ],
15 silly audit   '@babel/plugin-transform-react-jsx-self': [ '7.29.7' ],
15 silly audit   '@babel/plugin-transform-react-jsx-source': [ '7.29.7' ],
15 silly audit   '@babel/runtime': [ '7.29.7' ],
15 silly audit   '@babel/template': [ '7.29.7' ],
15 silly audit   '@babel/traverse': [ '7.29.8' ],
15 silly audit   '@babel/types': [ '7.29.8' ],
15 silly audit   '@esbuild/aix-ppc64': [ '0.24.0' ],
15 silly audit   '@esbuild/android-arm': [ '0.24.0' ],
15 silly audit   '@esbuild/android-arm64': [ '0.24.0' ],
15 silly audit   '@esbuild/android-x64': [ '0.24.0' ],
15 silly audit   '@esbuild/darwin-arm64': [ '0.24.0' ],
15 silly audit   '@esbuild/darwin-x64': [ '0.24.0' ],
15 silly audit   '@esbuild/freebsd-arm64': [ '0.24.0' ],
15 silly audit   '@esbuild/freebsd-x64': [ '0.24.0' ],
15 silly audit   '@esbuild/linux-arm': [ '0.24.0' ],
15 silly audit   '@esbuild/linux-arm64': [ '0.24.0' ],
15 silly audit   '@esbuild/linux-ia32': [ '0.24.0' ],
15 silly audit   '@esbuild/linux-loong64': [ '0.24.0' ],
15 silly audit   '@esbuild/linux-mips64el': [ '0.24.0' ],
15 silly audit   '@esbuild/linux-ppc64': [ '0.24.0' ],
15 silly audit   '@esbuild/linux-riscv64': [ '0.24.0' ],
15 silly audit   '@esbuild/linux-s390x': [ '0.24.0' ],
15 silly audit   '@esbuild/linux-x64': [ '0.24.0' ],
15 silly audit   '@esbuild/netbsd-x64': [ '0.24.0' ],
15 silly audit   '@esbuild/openbsd-arm64': [ '0.24.0' ],
15 silly audit   '@esbuild/openbsd-x64': [ '0.24.0' ],
15 silly audit   '@esbuild/sunos-x64': [ '0.24.0' ],
15 silly audit   '@esbuild/win32-arm64': [ '0.24.0' ],
15 silly audit   '@esbuild/win32-ia32': [ '0.24.0' ],
15 silly audit   '@esbuild/win32-x64': [ '0.24.0' ],
15 silly audit   '@jridgewell/gen-mapping': [ '0.3.13' ],
15 silly audit   '@jridgewell/remapping': [ '2.3.5' ],
15 silly audit   '@jridgewell/resolve-uri': [ '3.1.2' ],
15 silly audit   '@jridgewell/sourcemap-codec': [ '1.5.5' ],
15 silly audit   '@jridgewell/trace-mapping': [ '0.3.31' ],
15 silly audit   '@napi-rs/lzma-linux-x64-gnu': [ '1.5.1' ],
15 silly audit   '@nodelib/fs.scandir': [ '2.1.5' ],
15 silly audit   '@nodelib/fs.stat': [ '2.0.5' ],
15 silly audit   '@nodelib/fs.walk': [ '1.2.8' ],
15 silly audit   '@rollup/rollup-android-arm-eabi': [ '4.62.4' ],
15 silly audit   '@rollup/rollup-android-arm64': [ '4.62.4' ],
15 silly audit   '@rollup/rollup-darwin-arm64': [ '4.62.4' ],
15 silly audit   '@rollup/rollup-darwin-x64': [ '4.62.4' ],
15 silly audit   '@rollup/rollup-freebsd-arm64': [ '4.62.4' ],
15 silly audit   '@rollup/rollup-freebsd-x64': [ '4.62.4' ],
15 silly audit   '@rollup/rollup-linux-arm-gnueabihf': [ '4.62.4' ],
15 silly audit   '@rollup/rollup-linux-arm-musleabihf': [ '4.62.4' ],
15 silly audit   '@rollup/rollup-linux-arm64-gnu': [ '4.62.4' ],
15 silly audit   '@rollup/rollup-linux-arm64-musl': [ '4.62.4' ],
15 silly audit   '@rollup/rollup-linux-loong64-gnu': [ '4.62.4' ],
15 silly audit   '@rollup/rollup-linux-loong64-musl': [ '4.62.4' ],
15 silly audit   '@rollup/rollup-linux-ppc64-gnu': [ '4.62.4' ],
15 silly audit   '@rollup/rollup-linux-ppc64-musl': [ '4.62.4' ],
15 silly audit   '@rollup/rollup-linux-riscv64-gnu': [ '4.62.4' ],
15 silly audit   '@rollup/rollup-linux-riscv64-musl': [ '4.62.4' ],
15 silly audit   '@rollup/rollup-linux-s390x-gnu': [ '4.62.4' ],
15 silly audit   '@rollup/rollup-linux-x64-gnu': [ '4.62.4' ],
15 silly audit   '@rollup/rollup-linux-x64-musl': [ '4.62.4' ],
15 silly audit   '@rollup/rollup-openbsd-x64': [ '4.62.4' ],
15 silly audit   '@rollup/rollup-openharmony-arm64': [ '4.62.4' ],
15 silly audit   '@rollup/rollup-win32-arm64-msvc': [ '4.62.4' ],
15 silly audit   '@rollup/rollup-win32-ia32-msvc': [ '4.62.4' ],
15 silly audit   '@rollup/rollup-win32-x64-gnu': [ '4.62.4' ],
15 silly audit   '@rollup/rollup-win32-x64-msvc': [ '4.62.4' ],
15 silly audit   '@types/babel__core': [ '7.20.5' ],
15 silly audit   '@types/babel__generator': [ '7.27.0' ],
15 silly audit   '@types/babel__template': [ '7.4.4' ],
15 silly audit   '@types/babel__traverse': [ '7.28.0' ],
15 silly audit   '@types/cookie': [ '0.6.0' ],
15 silly audit   '@types/d3-array': [ '3.2.2' ],
15 silly audit   '@types/d3-color': [ '3.1.3' ],
15 silly audit   '@types/d3-ease': [ '3.0.2' ],
15 silly audit   '@types/d3-interpolate': [ '3.0.4' ],
15 silly audit   '@types/d3-path': [ '3.1.1' ],
15 silly audit   '@types/d3-scale': [ '4.0.9' ],
15 silly audit   '@types/d3-shape': [ '3.1.8' ],
15 silly audit   '@types/d3-time': [ '3.0.4' ],
15 silly audit   '@types/d3-timer': [ '3.0.2' ],
15 silly audit   '@types/estree': [ '1.0.9' ],
15 silly audit   '@vitejs/plugin-react': [ '4.3.4' ],
15 silly audit   'any-promise': [ '1.3.0' ],
15 silly audit   anymatch: [ '3.1.3' ],
15 silly audit   arg: [ '5.0.2' ],
15 silly audit   asynckit: [ '0.4.0' ],
15 silly audit   autoprefixer: [ '10.4.20' ],
15 silly audit   axios: [ '1.7.9' ],
15 silly audit   'baseline-browser-mapping': [ '2.11.15' ],
15 silly audit   'binary-extensions': [ '2.3.0' ],
15 silly audit   braces: [ '3.0.3' ],
15 silly audit   browserslist: [ '4.28.8' ],
15 silly audit   'call-bind-apply-helpers': [ '1.0.2' ],
15 silly audit   'camelcase-css': [ '2.0.1' ],
15 silly audit   'caniuse-lite': [ '1.0.30001809' ],
15 silly audit   chokidar: [ '3.6.0' ],
15 silly audit   'glob-parent': [ '5.1.2', '6.0.2' ],
15 silly audit   clsx: [ '2.1.1' ],
15 silly audit   'combined-stream': [ '1.0.8' ],
15 silly audit   commander: [ '4.1.1' ],
15 silly audit   'convert-source-map': [ '2.0.0' ],
15 silly audit   cookie: [ '1.1.1' ],
15 silly audit   cssesc: [ '3.0.0' ],
15 silly audit   csstype: [ '3.2.3' ],
15 silly audit   'd3-array': [ '3.2.4' ],
15 silly audit   'd3-color': [ '3.1.0' ],
15 silly audit   'd3-ease': [ '3.0.1' ],
15 silly audit   'd3-format': [ '3.1.2' ],
15 silly audit   'd3-interpolate': [ '3.0.1' ],
15 silly audit   'd3-path': [ '3.1.0' ],
15 silly audit   'd3-scale': [ '4.0.2' ],
15 silly audit   'd3-shape': [ '3.2.0' ],
15 silly audit   'd3-time': [ '3.1.0' ],
15 silly audit   'd3-time-format': [ '4.1.0' ],
15 silly audit   'd3-timer': [ '3.0.1' ],
15 silly audit   debug: [ '4.4.3' ],
15 silly audit   'decimal.js-light': [ '2.5.1' ],
15 silly audit   'delayed-stream': [ '1.0.0' ],
15 silly audit   didyoumean: [ '1.2.2' ],
15 silly audit   dlv: [ '1.1.3' ],
15 silly audit   'dom-helpers': [ '5.2.1' ],
15 silly audit   'dunder-proto': [ '1.0.1' ],
15 silly audit   'electron-to-chromium': [ '1.5.411' ],
15 silly audit   'es-define-property': [ '1.0.1' ],
15 silly audit   'es-errors': [ '1.3.0' ],
15 silly audit   'es-object-atoms': [ '1.1.2' ],
15 silly audit   'es-set-tostringtag': [ '2.1.0' ],
15 silly audit   esbuild: [ '0.24.0' ],
15 silly audit   escalade: [ '3.2.0' ],
15 silly audit   eventemitter3: [ '4.0.7' ],
15 silly audit   'fast-equals': [ '5.4.1' ],
15 silly audit   'fast-glob': [ '3.3.3' ],
15 silly audit   fastq: [ '1.20.1' ],
15 silly audit   'fill-range': [ '7.1.1' ],
15 silly audit   'follow-redirects': [ '1.16.0' ],
15 silly audit   'form-data': [ '4.0.6' ],
15 silly audit   'fraction.js': [ '4.3.7' ],
15 silly audit   fsevents: [ '2.3.3' ],
15 silly audit   'function-bind': [ '1.1.2' ],
15 silly audit   gensync: [ '1.0.0-beta.2' ],
15 silly audit   'get-intrinsic': [ '1.3.0' ],
15 silly audit   'get-proto': [ '1.0.1' ],
15 silly audit   gopd: [ '1.2.0' ],
15 silly audit   'has-symbols': [ '1.1.0' ],
15 silly audit   'has-tostringtag': [ '1.0.2' ],
15 silly audit   hasown: [ '2.0.4' ],
15 silly audit   internmap: [ '2.0.3' ],
15 silly audit   'is-binary-path': [ '2.1.0' ],
15 silly audit   'is-core-module': [ '2.16.2' ],
15 silly audit   'is-extglob': [ '2.1.1' ],
15 silly audit   'is-glob': [ '4.0.3' ],
15 silly audit   'is-number': [ '7.0.0' ],
15 silly audit   jiti: [ '1.21.7' ],
15 silly audit   'js-tokens': [ '4.0.0' ],
15 silly audit   jsesc: [ '3.1.0' ],
15 silly audit   json5: [ '2.2.3' ],
15 silly audit   lilconfig: [ '3.1.3' ],
15 silly audit   'lines-and-columns': [ '1.2.4' ],
15 silly audit   lodash: [ '4.18.1' ],
15 silly audit   'loose-envify': [ '1.4.0' ],
15 silly audit   'lru-cache': [ '5.1.1' ],
15 silly audit   'lucide-react': [ '0.468.0' ],
15 silly audit   'math-intrinsics': [ '1.1.0' ],
15 silly audit   merge2: [ '1.4.1' ],
15 silly audit   micromatch: [ '4.0.8' ],
15 silly audit   'mime-db': [ '1.52.0' ],
15 silly audit   'mime-types': [ '2.1.35' ],
15 silly audit   ms: [ '2.1.3' ],
15 silly audit   mz: [ '2.7.0' ],
15 silly audit   nanoid: [ '3.3.18' ],
15 silly audit   'node-releases': [ '2.0.53' ],
15 silly audit   'normalize-path': [ '3.0.0' ],
15 silly audit   'normalize-range': [ '0.1.2' ],
15 silly audit   'object-assign': [ '4.1.1' ],
15 silly audit   'object-hash': [ '3.0.0' ],
15 silly audit   'path-parse': [ '1.0.7' ],
15 silly audit   picocolors: [ '1.1.1' ],
15 silly audit   picomatch: [ '2.3.2', '4.0.5' ],
15 silly audit   pify: [ '2.3.0' ],
15 silly audit   pirates: [ '4.0.7' ],
15 silly audit   postcss: [ '8.4.49' ],
15 silly audit   'postcss-import': [ '15.1.0' ],
15 silly audit   'postcss-js': [ '4.1.0' ],
15 silly audit   'postcss-load-config': [ '4.0.2' ],
15 silly audit   'postcss-nested': [ '6.2.0' ],
15 silly audit   'postcss-selector-parser': [ '6.1.4' ],
15 silly audit   'postcss-value-parser': [ '4.2.0' ],
15 silly audit   'prop-types': [ '15.8.1' ],
15 silly audit   'react-is': [ '16.13.1', '18.3.1' ],
15 silly audit   'proxy-from-env': [ '1.1.0' ],
15 silly audit   'queue-microtask': [ '1.2.3' ],
15 silly audit   react: [ '18.3.1' ],
15 silly audit   'react-dom': [ '18.3.1' ],
15 silly audit   'react-refresh': [ '0.14.2' ],
15 silly audit   'react-router': [ '7.1.1' ],
15 silly audit   'react-router-dom': [ '7.1.1' ],
15 silly audit   'react-smooth': [ '4.0.4' ],
15 silly audit   'react-transition-group': [ '4.4.5' ],
15 silly audit   'read-cache': [ '1.0.0' ],
15 silly audit   readdirp: [ '3.6.0' ],
15 silly audit   recharts: [ '2.15.0' ],
15 silly audit   'recharts-scale': [ '0.4.5' ],
15 silly audit   resolve: [ '1.22.12' ],
15 silly audit   reusify: [ '1.1.0' ],
15 silly audit   rollup: [ '4.62.4' ],
15 silly audit   'run-parallel': [ '1.2.0' ],
15 silly audit   scheduler: [ '0.23.2' ],
15 silly audit   semver: [ '6.3.1' ],
15 silly audit   'set-cookie-parser': [ '2.7.2' ],
15 silly audit   'source-map-js': [ '1.2.1' ],
15 silly audit   sucrase: [ '3.35.1' ],
15 silly audit   'supports-preserve-symlinks-flag': [ '1.0.0' ],
15 silly audit   tailwindcss: [ '3.4.17' ],
15 silly audit   thenify: [ '3.3.1' ],
15 silly audit   'thenify-all': [ '1.6.0' ],
15 silly audit   'tiny-invariant': [ '1.3.3' ],
15 silly audit   tinyglobby: [ '0.2.17' ],
15 silly audit   fdir: [ '6.5.0' ],
15 silly audit   'to-regex-range': [ '5.0.1' ],
15 silly audit   'ts-interface-checker': [ '0.1.13' ],
15 silly audit   'turbo-stream': [ '2.4.0' ],
15 silly audit   'update-browserslist-db': [ '1.3.1' ],
15 silly audit   'util-deprecate': [ '1.0.2' ],
15 silly audit   'victory-vendor': [ '36.9.2' ],
15 silly audit   vite: [ '6.0.5' ],
15 silly audit   yallist: [ '3.1.1' ],
15 silly audit   yaml: [ '2.9.0' ]
15 silly audit }
16 http cache yaml@https://registry.npmjs.org/yaml/-/yaml-2.9.0.tgz 0ms (cache hit)
17 http cache victory-vendor@https://registry.npmjs.org/victory-vendor/-/victory-vendor-36.9.2.tgz 0ms (cache hit)
18 http cache yallist@https://registry.npmjs.org/yallist/-/yallist-3.1.1.tgz 0ms (cache hit)
19 http cache vite@https://registry.npmjs.org/vite/-/vite-6.0.5.tgz 0ms (cache hit)
20 http cache update-browserslist-db@https://registry.npmjs.org/update-browserslist-db/-/update-browserslist-db-1.3.1.tgz 0ms (cache hit)
21 http cache turbo-stream@https://registry.npmjs.org/turbo-stream/-/turbo-stream-2.4.0.tgz 0ms (cache hit)
22 http cache util-deprecate@https://registry.npmjs.org/util-deprecate/-/util-deprecate-1.0.2.tgz 0ms (cache hit)
23 http cache tinyglobby@https://registry.npmjs.org/tinyglobby/-/tinyglobby-0.2.17.tgz 0ms (cache hit)
24 http cache to-regex-range@https://registry.npmjs.org/to-regex-range/-/to-regex-range-5.0.1.tgz 0ms (cache hit)
25 http cache ts-interface-checker@https://registry.npmjs.org/ts-interface-checker/-/ts-interface-checker-0.1.13.tgz 0ms (cache hit)
26 http cache thenify-all@https://registry.npmjs.org/thenify-all/-/thenify-all-1.6.0.tgz 0ms (cache hit)
27 http cache tailwindcss@https://registry.npmjs.org/tailwindcss/-/tailwindcss-3.4.17.tgz 0ms (cache hit)
28 http cache tiny-invariant@https://registry.npmjs.org/tiny-invariant/-/tiny-invariant-1.3.3.tgz 0ms (cache hit)
29 http cache thenify@https://registry.npmjs.org/thenify/-/thenify-3.3.1.tgz 0ms (cache hit)
30 http cache source-map-js@https://registry.npmjs.org/source-map-js/-/source-map-js-1.2.1.tgz 0ms (cache hit)
31 http cache supports-preserve-symlinks-flag@https://registry.npmjs.org/supports-preserve-symlinks-flag/-/supports-preserve-symlinks-flag-1.0.0.tgz 0ms (cache hit)
32 http cache sucrase@https://registry.npmjs.org/sucrase/-/sucrase-3.35.1.tgz 0ms (cache hit)
33 http cache semver@https://registry.npmjs.org/semver/-/semver-6.3.1.tgz 0ms (cache hit)
34 http cache scheduler@https://registry.npmjs.org/scheduler/-/scheduler-0.23.2.tgz 0ms (cache hit)
35 http cache set-cookie-parser@https://registry.npmjs.org/set-cookie-parser/-/set-cookie-parser-2.7.2.tgz 0ms (cache hit)
36 http cache run-parallel@https://registry.npmjs.org/run-parallel/-/run-parallel-1.2.0.tgz 0ms (cache hit)
37 http cache rollup@https://registry.npmjs.org/rollup/-/rollup-4.62.4.tgz 0ms (cache hit)
38 http cache resolve@https://registry.npmjs.org/resolve/-/resolve-1.22.12.tgz 0ms (cache hit)
39 http cache recharts-scale@https://registry.npmjs.org/recharts-scale/-/recharts-scale-0.4.5.tgz 0ms (cache hit)
40 http cache reusify@https://registry.npmjs.org/reusify/-/reusify-1.1.0.tgz 0ms (cache hit)
41 http cache readdirp@https://registry.npmjs.org/readdirp/-/readdirp-3.6.0.tgz 0ms (cache hit)
42 http cache react-transition-group@https://registry.npmjs.org/react-transition-group/-/react-transition-group-4.4.5.tgz 0ms (cache hit)
43 http cache read-cache@https://registry.npmjs.org/read-cache/-/read-cache-1.0.0.tgz 0ms (cache hit)
44 http cache react-router-dom@https://registry.npmjs.org/react-router-dom/-/react-router-dom-7.1.1.tgz 0ms (cache hit)
45 http cache recharts@https://registry.npmjs.org/recharts/-/recharts-2.15.0.tgz 0ms (cache hit)
46 http cache react-smooth@https://registry.npmjs.org/react-smooth/-/react-smooth-4.0.4.tgz 0ms (cache hit)
47 http cache react-refresh@https://registry.npmjs.org/react-refresh/-/react-refresh-0.14.2.tgz 0ms (cache hit)
48 http cache react-dom@https://registry.npmjs.org/react-dom/-/react-dom-18.3.1.tgz 0ms (cache hit)
49 http cache react-is@https://registry.npmjs.org/react-is/-/react-is-18.3.1.tgz 0ms (cache hit)
50 http cache react@https://registry.npmjs.org/react/-/react-18.3.1.tgz 0ms (cache hit)
51 http cache react-router@https://registry.npmjs.org/react-router/-/react-router-7.1.1.tgz 0ms (cache hit)
52 http cache postcss-selector-parser@https://registry.npmjs.org/postcss-selector-parser/-/postcss-selector-parser-6.1.4.tgz 0ms (cache hit)
53 http cache postcss-nested@https://registry.npmjs.org/postcss-nested/-/postcss-nested-6.2.0.tgz 0ms (cache hit)
54 http cache queue-microtask@https://registry.npmjs.org/queue-microtask/-/queue-microtask-1.2.3.tgz 0ms (cache hit)
55 http cache postcss-value-parser@https://registry.npmjs.org/postcss-value-parser/-/postcss-value-parser-4.2.0.tgz 0ms (cache hit)
56 http cache prop-types@https://registry.npmjs.org/prop-types/-/prop-types-15.8.1.tgz 0ms (cache hit)
57 http cache proxy-from-env@https://registry.npmjs.org/proxy-from-env/-/proxy-from-env-1.1.0.tgz 0ms (cache hit)
58 http cache postcss-load-config@https://registry.npmjs.org/postcss-load-config/-/postcss-load-config-4.0.2.tgz 0ms (cache hit)
59 http cache postcss-js@https://registry.npmjs.org/postcss-js/-/postcss-js-4.1.0.tgz 0ms (cache hit)
60 http cache postcss-import@https://registry.npmjs.org/postcss-import/-/postcss-import-15.1.0.tgz 0ms (cache hit)
61 http cache pirates@https://registry.npmjs.org/pirates/-/pirates-4.0.7.tgz 0ms (cache hit)
62 http cache path-parse@https://registry.npmjs.org/path-parse/-/path-parse-1.0.7.tgz 0ms (cache hit)
63 http cache picomatch@https://registry.npmjs.org/picomatch/-/picomatch-2.3.2.tgz 0ms (cache hit)
64 http cache picocolors@https://registry.npmjs.org/picocolors/-/picocolors-1.1.1.tgz 0ms (cache hit)
65 http cache postcss@https://registry.npmjs.org/postcss/-/postcss-8.4.49.tgz 0ms (cache hit)
66 http cache object-assign@https://registry.npmjs.org/object-assign/-/object-assign-4.1.1.tgz 0ms (cache hit)
67 http cache object-hash@https://registry.npmjs.org/object-hash/-/object-hash-3.0.0.tgz 0ms (cache hit)
68 http cache node-releases@https://registry.npmjs.org/node-releases/-/node-releases-2.0.53.tgz 0ms (cache hit)
69 http cache normalize-range@https://registry.npmjs.org/normalize-range/-/normalize-range-0.1.2.tgz 0ms (cache hit)
70 http cache pify@https://registry.npmjs.org/pify/-/pify-2.3.0.tgz 0ms (cache hit)
71 http cache nanoid@https://registry.npmjs.org/nanoid/-/nanoid-3.3.18.tgz 0ms (cache hit)
72 http cache normalize-path@https://registry.npmjs.org/normalize-path/-/normalize-path-3.0.0.tgz 0ms (cache hit)
73 http cache mz@https://registry.npmjs.org/mz/-/mz-2.7.0.tgz 0ms (cache hit)
74 http cache mime-types@https://registry.npmjs.org/mime-types/-/mime-types-2.1.35.tgz 0ms (cache hit)
75 http cache ms@https://registry.npmjs.org/ms/-/ms-2.1.3.tgz 0ms (cache hit)
76 http cache micromatch@https://registry.npmjs.org/micromatch/-/micromatch-4.0.8.tgz 0ms (cache hit)
77 http cache mime-db@https://registry.npmjs.org/mime-db/-/mime-db-1.52.0.tgz 0ms (cache hit)
78 http cache math-intrinsics@https://registry.npmjs.org/math-intrinsics/-/math-intrinsics-1.1.0.tgz 0ms (cache hit)
79 http cache lucide-react@https://registry.npmjs.org/lucide-react/-/lucide-react-0.468.0.tgz 0ms (cache hit)
80 http cache merge2@https://registry.npmjs.org/merge2/-/merge2-1.4.1.tgz 0ms (cache hit)
81 http cache loose-envify@https://registry.npmjs.org/loose-envify/-/loose-envify-1.4.0.tgz 0ms (cache hit)
82 http cache lilconfig@https://registry.npmjs.org/lilconfig/-/lilconfig-3.1.3.tgz 0ms (cache hit)
83 http cache lru-cache@https://registry.npmjs.org/lru-cache/-/lru-cache-5.1.1.tgz 0ms (cache hit)
84 http cache lodash@https://registry.npmjs.org/lodash/-/lodash-4.18.1.tgz 0ms (cache hit)
85 http cache js-tokens@https://registry.npmjs.org/js-tokens/-/js-tokens-4.0.0.tgz 0ms (cache hit)
86 http cache lines-and-columns@https://registry.npmjs.org/lines-and-columns/-/lines-and-columns-1.2.4.tgz 0ms (cache hit)
87 http cache is-number@https://registry.npmjs.org/is-number/-/is-number-7.0.0.tgz 0ms (cache hit)
88 http cache jsesc@https://registry.npmjs.org/jsesc/-/jsesc-3.1.0.tgz 0ms (cache hit)
89 http cache is-glob@https://registry.npmjs.org/is-glob/-/is-glob-4.0.3.tgz 0ms (cache hit)
90 http cache is-extglob@https://registry.npmjs.org/is-extglob/-/is-extglob-2.1.1.tgz 0ms (cache hit)
91 http cache json5@https://registry.npmjs.org/json5/-/json5-2.2.3.tgz 0ms (cache hit)
92 http cache is-binary-path@https://registry.npmjs.org/is-binary-path/-/is-binary-path-2.1.0.tgz 0ms (cache hit)
93 http cache is-core-module@https://registry.npmjs.org/is-core-module/-/is-core-module-2.16.2.tgz 0ms (cache hit)
94 http cache jiti@https://registry.npmjs.org/jiti/-/jiti-1.21.7.tgz 0ms (cache hit)
95 http cache internmap@https://registry.npmjs.org/internmap/-/internmap-2.0.3.tgz 0ms (cache hit)
96 http cache hasown@https://registry.npmjs.org/hasown/-/hasown-2.0.4.tgz 0ms (cache hit)
97 http cache has-symbols@https://registry.npmjs.org/has-symbols/-/has-symbols-1.1.0.tgz 0ms (cache hit)
98 http cache has-tostringtag@https://registry.npmjs.org/has-tostringtag/-/has-tostringtag-1.0.2.tgz 0ms (cache hit)
99 http cache get-proto@https://registry.npmjs.org/get-proto/-/get-proto-1.0.1.tgz 0ms (cache hit)
100 http cache gopd@https://registry.npmjs.org/gopd/-/gopd-1.2.0.tgz 0ms (cache hit)
101 http cache glob-parent@https://registry.npmjs.org/glob-parent/-/glob-parent-6.0.2.tgz 0ms (cache hit)
102 http cache gensync@https://registry.npmjs.org/gensync/-/gensync-1.0.0-beta.2.tgz 0ms (cache hit)
103 http cache get-intrinsic@https://registry.npmjs.org/get-intrinsic/-/get-intrinsic-1.3.0.tgz 0ms (cache hit)
104 http cache form-data@https://registry.npmjs.org/form-data/-/form-data-4.0.6.tgz 0ms (cache hit)
105 http cache function-bind@https://registry.npmjs.org/function-bind/-/function-bind-1.1.2.tgz 0ms (cache hit)
106 http cache fraction.js@https://registry.npmjs.org/fraction.js/-/fraction.js-4.3.7.tgz 0ms (cache hit)
107 http cache fill-range@https://registry.npmjs.org/fill-range/-/fill-range-7.1.1.tgz 0ms (cache hit)
108 http cache follow-redirects@https://registry.npmjs.org/follow-redirects/-/follow-redirects-1.16.0.tgz 0ms (cache hit)
109 http cache fastq@https://registry.npmjs.org/fastq/-/fastq-1.20.1.tgz 0ms (cache hit)
110 http cache eventemitter3@https://registry.npmjs.org/eventemitter3/-/eventemitter3-4.0.7.tgz 0ms (cache hit)
111 http cache fast-equals@https://registry.npmjs.org/fast-equals/-/fast-equals-5.4.1.tgz 0ms (cache hit)
112 http cache esbuild@https://registry.npmjs.org/esbuild/-/esbuild-0.24.0.tgz 0ms (cache hit)
113 http cache fast-glob@https://registry.npmjs.org/fast-glob/-/fast-glob-3.3.3.tgz 0ms (cache hit)
114 http cache escalade@https://registry.npmjs.org/escalade/-/escalade-3.2.0.tgz 0ms (cache hit)
115 http cache es-errors@https://registry.npmjs.org/es-errors/-/es-errors-1.3.0.tgz 0ms (cache hit)
116 http cache es-object-atoms@https://registry.npmjs.org/es-object-atoms/-/es-object-atoms-1.1.2.tgz 0ms (cache hit)
117 http cache electron-to-chromium@https://registry.npmjs.org/electron-to-chromium/-/electron-to-chromium-1.5.411.tgz 0ms (cache hit)
118 http cache es-set-tostringtag@https://registry.npmjs.org/es-set-tostringtag/-/es-set-tostringtag-2.1.0.tgz 0ms (cache hit)
119 http cache es-define-property@https://registry.npmjs.org/es-define-property/-/es-define-property-1.0.1.tgz 0ms (cache hit)
120 http cache dunder-proto@https://registry.npmjs.org/dunder-proto/-/dunder-proto-1.0.1.tgz 0ms (cache hit)
121 http cache didyoumean@https://registry.npmjs.org/didyoumean/-/didyoumean-1.2.2.tgz 0ms (cache hit)
122 http cache delayed-stream@https://registry.npmjs.org/delayed-stream/-/delayed-stream-1.0.0.tgz 0ms (cache hit)
123 http cache dom-helpers@https://registry.npmjs.org/dom-helpers/-/dom-helpers-5.2.1.tgz 0ms (cache hit)
124 http cache decimal.js-light@https://registry.npmjs.org/decimal.js-light/-/decimal.js-light-2.5.1.tgz 0ms (cache hit)
125 http cache dlv@https://registry.npmjs.org/dlv/-/dlv-1.1.3.tgz 0ms (cache hit)
126 http cache debug@https://registry.npmjs.org/debug/-/debug-4.4.3.tgz 0ms (cache hit)
127 http cache d3-time-format@https://registry.npmjs.org/d3-time-format/-/d3-time-format-4.1.0.tgz 0ms (cache hit)
128 http cache d3-time@https://registry.npmjs.org/d3-time/-/d3-time-3.1.0.tgz 0ms (cache hit)
129 http cache d3-timer@https://registry.npmjs.org/d3-timer/-/d3-timer-3.0.1.tgz 0ms (cache hit)
130 http cache d3-shape@https://registry.npmjs.org/d3-shape/-/d3-shape-3.2.0.tgz 0ms (cache hit)
131 http cache d3-interpolate@https://registry.npmjs.org/d3-interpolate/-/d3-interpolate-3.0.1.tgz 0ms (cache hit)
132 http cache d3-scale@https://registry.npmjs.org/d3-scale/-/d3-scale-4.0.2.tgz 0ms (cache hit)
133 http cache d3-color@https://registry.npmjs.org/d3-color/-/d3-color-3.1.0.tgz 0ms (cache hit)
134 http cache d3-format@https://registry.npmjs.org/d3-format/-/d3-format-3.1.2.tgz 0ms (cache hit)
135 http cache d3-path@https://registry.npmjs.org/d3-path/-/d3-path-3.1.0.tgz 0ms (cache hit)
136 http cache csstype@https://registry.npmjs.org/csstype/-/csstype-3.2.3.tgz 0ms (cache hit)
137 http cache d3-ease@https://registry.npmjs.org/d3-ease/-/d3-ease-3.0.1.tgz 0ms (cache hit)
138 http cache cookie@https://registry.npmjs.org/cookie/-/cookie-1.1.1.tgz 0ms (cache hit)
139 http cache d3-array@https://registry.npmjs.org/d3-array/-/d3-array-3.2.4.tgz 0ms (cache hit)
140 http cache cssesc@https://registry.npmjs.org/cssesc/-/cssesc-3.0.0.tgz 0ms (cache hit)
141 http cache commander@https://registry.npmjs.org/commander/-/commander-4.1.1.tgz 0ms (cache hit)
142 http cache convert-source-map@https://registry.npmjs.org/convert-source-map/-/convert-source-map-2.0.0.tgz 0ms (cache hit)
143 http cache clsx@https://registry.npmjs.org/clsx/-/clsx-2.1.1.tgz 0ms (cache hit)
144 http cache combined-stream@https://registry.npmjs.org/combined-stream/-/combined-stream-1.0.8.tgz 0ms (cache hit)
145 http cache caniuse-lite@https://registry.npmjs.org/caniuse-lite/-/caniuse-lite-1.0.30001809.tgz 0ms (cache hit)
146 http cache camelcase-css@https://registry.npmjs.org/camelcase-css/-/camelcase-css-2.0.1.tgz 0ms (cache hit)
147 http cache call-bind-apply-helpers@https://registry.npmjs.org/call-bind-apply-helpers/-/call-bind-apply-helpers-1.0.2.tgz 0ms (cache hit)
148 http cache browserslist@https://registry.npmjs.org/browserslist/-/browserslist-4.28.8.tgz 0ms (cache hit)
149 http cache braces@https://registry.npmjs.org/braces/-/braces-3.0.3.tgz 0ms (cache hit)
150 http cache chokidar@https://registry.npmjs.org/chokidar/-/chokidar-3.6.0.tgz 0ms (cache hit)
151 http cache binary-extensions@https://registry.npmjs.org/binary-extensions/-/binary-extensions-2.3.0.tgz 0ms (cache hit)
152 http cache axios@https://registry.npmjs.org/axios/-/axios-1.7.9.tgz 0ms (cache hit)
153 http cache baseline-browser-mapping@https://registry.npmjs.org/baseline-browser-mapping/-/baseline-browser-mapping-2.11.15.tgz 0ms (cache hit)
154 http cache asynckit@https://registry.npmjs.org/asynckit/-/asynckit-0.4.0.tgz 0ms (cache hit)
155 http cache autoprefixer@https://registry.npmjs.org/autoprefixer/-/autoprefixer-10.4.20.tgz 0ms (cache hit)
156 http cache @vitejs/plugin-react@https://registry.npmjs.org/@vitejs/plugin-react/-/plugin-react-4.3.4.tgz 0ms (cache hit)
157 http cache anymatch@https://registry.npmjs.org/anymatch/-/anymatch-3.1.3.tgz 0ms (cache hit)
158 http cache arg@https://registry.npmjs.org/arg/-/arg-5.0.2.tgz 0ms (cache hit)
159 http cache @types/d3-timer@https://registry.npmjs.org/@types/d3-timer/-/d3-timer-3.0.2.tgz 0ms (cache hit)
160 http cache @types/estree@https://registry.npmjs.org/@types/estree/-/estree-1.0.9.tgz 0ms (cache hit)
161 http cache any-promise@https://registry.npmjs.org/any-promise/-/any-promise-1.3.0.tgz 0ms (cache hit)
162 http cache @types/d3-scale@https://registry.npmjs.org/@types/d3-scale/-/d3-scale-4.0.9.tgz 0ms (cache hit)
163 http cache @types/d3-time@https://registry.npmjs.org/@types/d3-time/-/d3-time-3.0.4.tgz 0ms (cache hit)
164 http cache @types/d3-path@https://registry.npmjs.org/@types/d3-path/-/d3-path-3.1.1.tgz 0ms (cache hit)
165 http cache @types/d3-shape@https://registry.npmjs.org/@types/d3-shape/-/d3-shape-3.1.8.tgz 0ms (cache hit)
166 http cache @types/d3-ease@https://registry.npmjs.org/@types/d3-ease/-/d3-ease-3.0.2.tgz 0ms (cache hit)
167 http cache @types/d3-array@https://registry.npmjs.org/@types/d3-array/-/d3-array-3.2.2.tgz 0ms (cache hit)
168 http cache @types/d3-interpolate@https://registry.npmjs.org/@types/d3-interpolate/-/d3-interpolate-3.0.4.tgz 0ms (cache hit)
169 http cache @types/cookie@https://registry.npmjs.org/@types/cookie/-/cookie-0.6.0.tgz 0ms (cache hit)
170 http cache @types/babel__traverse@https://registry.npmjs.org/@types/babel__traverse/-/babel__traverse-7.28.0.tgz 0ms (cache hit)
171 http cache @types/d3-color@https://registry.npmjs.org/@types/d3-color/-/d3-color-3.1.3.tgz 0ms (cache hit)
172 http cache @types/babel__template@https://registry.npmjs.org/@types/babel__template/-/babel__template-7.4.4.tgz 0ms (cache hit)
173 http cache @rollup/rollup-win32-x64-msvc@https://registry.npmjs.org/@rollup/rollup-win32-x64-msvc/-/rollup-win32-x64-msvc-4.62.4.tgz 0ms (cache hit)
174 http cache @rollup/rollup-win32-x64-gnu@https://registry.npmjs.org/@rollup/rollup-win32-x64-gnu/-/rollup-win32-x64-gnu-4.62.4.tgz 0ms (cache hit)
175 http cache @types/babel__generator@https://registry.npmjs.org/@types/babel__generator/-/babel__generator-7.27.0.tgz 0ms (cache hit)
176 http cache @types/babel__core@https://registry.npmjs.org/@types/babel__core/-/babel__core-7.20.5.tgz 0ms (cache hit)
177 http cache @jridgewell/trace-mapping@https://registry.npmjs.org/@jridgewell/trace-mapping/-/trace-mapping-0.3.31.tgz 0ms (cache hit)
178 http cache @nodelib/fs.stat@https://registry.npmjs.org/@nodelib/fs.stat/-/fs.stat-2.0.5.tgz 0ms (cache hit)
179 http cache @nodelib/fs.scandir@https://registry.npmjs.org/@nodelib/fs.scandir/-/fs.scandir-2.1.5.tgz 0ms (cache hit)
180 http cache @nodelib/fs.walk@https://registry.npmjs.org/@nodelib/fs.walk/-/fs.walk-1.2.8.tgz 0ms (cache hit)
181 http cache @jridgewell/sourcemap-codec@https://registry.npmjs.org/@jridgewell/sourcemap-codec/-/sourcemap-codec-1.5.5.tgz 0ms (cache hit)
182 http cache @esbuild/win32-x64@https://registry.npmjs.org/@esbuild/win32-x64/-/win32-x64-0.24.0.tgz 0ms (cache hit)
183 http cache @jridgewell/gen-mapping@https://registry.npmjs.org/@jridgewell/gen-mapping/-/gen-mapping-0.3.13.tgz 0ms (cache hit)
184 http cache @jridgewell/remapping@https://registry.npmjs.org/@jridgewell/remapping/-/remapping-2.3.5.tgz 0ms (cache hit)
185 http cache @jridgewell/resolve-uri@https://registry.npmjs.org/@jridgewell/resolve-uri/-/resolve-uri-3.1.2.tgz 0ms (cache hit)
186 http cache @babel/types@https://registry.npmjs.org/@babel/types/-/types-7.29.8.tgz 0ms (cache hit)
187 http cache @babel/traverse@https://registry.npmjs.org/@babel/traverse/-/traverse-7.29.8.tgz 0ms (cache hit)
188 http cache @babel/template@https://registry.npmjs.org/@babel/template/-/template-7.29.7.tgz 0ms (cache hit)
189 http cache @babel/plugin-transform-react-jsx-source@https://registry.npmjs.org/@babel/plugin-transform-react-jsx-source/-/plugin-transform-react-jsx-source-7.29.7.tgz 0ms (cache hit)
190 http cache @babel/runtime@https://registry.npmjs.org/@babel/runtime/-/runtime-7.29.7.tgz 0ms (cache hit)
191 http cache @babel/plugin-transform-react-jsx-self@https://registry.npmjs.org/@babel/plugin-transform-react-jsx-self/-/plugin-transform-react-jsx-self-7.29.7.tgz 0ms (cache hit)
192 http cache @babel/helper-validator-option@https://registry.npmjs.org/@babel/helper-validator-option/-/helper-validator-option-7.29.7.tgz 0ms (cache hit)
193 http cache @babel/parser@https://registry.npmjs.org/@babel/parser/-/parser-7.29.8.tgz 0ms (cache hit)
194 http cache @babel/helper-validator-identifier@https://registry.npmjs.org/@babel/helper-validator-identifier/-/helper-validator-identifier-7.29.7.tgz 0ms (cache hit)
195 http cache @babel/helper-plugin-utils@https://registry.npmjs.org/@babel/helper-plugin-utils/-/helper-plugin-utils-7.29.7.tgz 0ms (cache hit)
196 http cache @babel/helpers@https://registry.npmjs.org/@babel/helpers/-/helpers-7.29.7.tgz 0ms (cache hit)
197 http cache @babel/helper-module-imports@https://registry.npmjs.org/@babel/helper-module-imports/-/helper-module-imports-7.29.7.tgz 0ms (cache hit)
198 http cache @babel/helper-string-parser@https://registry.npmjs.org/@babel/helper-string-parser/-/helper-string-parser-7.29.7.tgz 0ms (cache hit)
199 http cache @babel/helper-globals@https://registry.npmjs.org/@babel/helper-globals/-/helper-globals-7.29.7.tgz 0ms (cache hit)
200 http cache @babel/generator@https://registry.npmjs.org/@babel/generator/-/generator-7.29.8.tgz 0ms (cache hit)
201 http cache @babel/helper-compilation-targets@https://registry.npmjs.org/@babel/helper-compilation-targets/-/helper-compilation-targets-7.29.7.tgz 0ms (cache hit)
202 http cache @babel/core@https://registry.npmjs.org/@babel/core/-/core-7.29.7.tgz 0ms (cache hit)
203 http cache picomatch@https://registry.npmjs.org/picomatch/-/picomatch-4.0.5.tgz 0ms (cache hit)
204 http cache @alloc/quick-lru@https://registry.npmjs.org/@alloc/quick-lru/-/quick-lru-5.2.0.tgz 0ms (cache hit)
205 http cache @babel/compat-data@https://registry.npmjs.org/@babel/compat-data/-/compat-data-7.29.7.tgz 0ms (cache hit)
206 http cache react-is@https://registry.npmjs.org/react-is/-/react-is-16.13.1.tgz 0ms (cache hit)
207 http cache @babel/helper-module-transforms@https://registry.npmjs.org/@babel/helper-module-transforms/-/helper-module-transforms-7.29.7.tgz 0ms (cache hit)
208 http cache @babel/code-frame@https://registry.npmjs.org/@babel/code-frame/-/code-frame-7.29.7.tgz 0ms (cache hit)
209 http cache fdir@https://registry.npmjs.org/fdir/-/fdir-6.5.0.tgz 0ms (cache hit)
210 silly tarball no local data for yaml@https://registry.npmjs.org/yaml/-/yaml-2.9.0.tgz. Extracting by manifest.
211 silly tarball no local data for victory-vendor@https://registry.npmjs.org/victory-vendor/-/victory-vendor-36.9.2.tgz. Extracting by manifest.
212 silly tarball no local data for yallist@https://registry.npmjs.org/yallist/-/yallist-3.1.1.tgz. Extracting by manifest.
213 silly tarball no local data for vite@https://registry.npmjs.org/vite/-/vite-6.0.5.tgz. Extracting by manifest.
214 silly tarball no local data for update-browserslist-db@https://registry.npmjs.org/update-browserslist-db/-/update-browserslist-db-1.3.1.tgz. Extracting by manifest.
215 silly tarball no local data for turbo-stream@https://registry.npmjs.org/turbo-stream/-/turbo-stream-2.4.0.tgz. Extracting by manifest.
216 silly tarball no local data for util-deprecate@https://registry.npmjs.org/util-deprecate/-/util-deprecate-1.0.2.tgz. Extracting by manifest.
217 silly tarball no local data for tinyglobby@https://registry.npmjs.org/tinyglobby/-/tinyglobby-0.2.17.tgz. Extracting by manifest.
218 silly tarball no local data for to-regex-range@https://registry.npmjs.org/to-regex-range/-/to-regex-range-5.0.1.tgz. Extracting by manifest.
219 silly tarball no local data for ts-interface-checker@https://registry.npmjs.org/ts-interface-checker/-/ts-interface-checker-0.1.13.tgz. Extracting by manifest.
220 silly tarball no local data for thenify-all@https://registry.npmjs.org/thenify-all/-/thenify-all-1.6.0.tgz. Extracting by manifest.
221 silly tarball no local data for tailwindcss@https://registry.npmjs.org/tailwindcss/-/tailwindcss-3.4.17.tgz. Extracting by manifest.
222 silly tarball no local data for tiny-invariant@https://registry.npmjs.org/tiny-invariant/-/tiny-invariant-1.3.3.tgz. Extracting by manifest.
223 silly tarball no local data for thenify@https://registry.npmjs.org/thenify/-/thenify-3.3.1.tgz. Extracting by manifest.
224 silly tarball no local data for source-map-js@https://registry.npmjs.org/source-map-js/-/source-map-js-1.2.1.tgz. Extracting by manifest.
225 silly tarball no local data for supports-preserve-symlinks-flag@https://registry.npmjs.org/supports-preserve-symlinks-flag/-/supports-preserve-symlinks-flag-1.0.0.tgz. Extracting by manifest.
226 silly tarball no local data for sucrase@https://registry.npmjs.org/sucrase/-/sucrase-3.35.1.tgz. Extracting by manifest.
227 silly tarball no local data for semver@https://registry.npmjs.org/semver/-/semver-6.3.1.tgz. Extracting by manifest.
228 silly tarball no local data for scheduler@https://registry.npmjs.org/scheduler/-/scheduler-0.23.2.tgz. Extracting by manifest.
229 silly tarball no local data for set-cookie-parser@https://registry.npmjs.org/set-cookie-parser/-/set-cookie-parser-2.7.2.tgz. Extracting by manifest.
230 silly tarball no local data for run-parallel@https://registry.npmjs.org/run-parallel/-/run-parallel-1.2.0.tgz. Extracting by manifest.
231 silly tarball no local data for rollup@https://registry.npmjs.org/rollup/-/rollup-4.62.4.tgz. Extracting by manifest.
232 http cache glob-parent@https://registry.npmjs.org/glob-parent/-/glob-parent-5.1.2.tgz 0ms (cache hit)
233 silly tarball no local data for resolve@https://registry.npmjs.org/resolve/-/resolve-1.22.12.tgz. Extracting by manifest.
234 silly tarball no local data for recharts-scale@https://registry.npmjs.org/recharts-scale/-/recharts-scale-0.4.5.tgz. Extracting by manifest.
235 silly tarball no local data for reusify@https://registry.npmjs.org/reusify/-/reusify-1.1.0.tgz. Extracting by manifest.
236 silly tarball no local data for readdirp@https://registry.npmjs.org/readdirp/-/readdirp-3.6.0.tgz. Extracting by manifest.
237 silly tarball no local data for react-transition-group@https://registry.npmjs.org/react-transition-group/-/react-transition-group-4.4.5.tgz. Extracting by manifest.
238 silly tarball no local data for read-cache@https://registry.npmjs.org/read-cache/-/read-cache-1.0.0.tgz. Extracting by manifest.
239 silly tarball no local data for react-router-dom@https://registry.npmjs.org/react-router-dom/-/react-router-dom-7.1.1.tgz. Extracting by manifest.
240 silly tarball no local data for recharts@https://registry.npmjs.org/recharts/-/recharts-2.15.0.tgz. Extracting by manifest.
241 silly tarball no local data for react-smooth@https://registry.npmjs.org/react-smooth/-/react-smooth-4.0.4.tgz. Extracting by manifest.
242 silly tarball no local data for react-refresh@https://registry.npmjs.org/react-refresh/-/react-refresh-0.14.2.tgz. Extracting by manifest.
243 http cache glob-parent@https://registry.npmjs.org/glob-parent/-/glob-parent-5.1.2.tgz 0ms (cache hit)
244 silly tarball no local data for react-dom@https://registry.npmjs.org/react-dom/-/react-dom-18.3.1.tgz. Extracting by manifest.
245 silly tarball no local data for react-is@https://registry.npmjs.org/react-is/-/react-is-18.3.1.tgz. Extracting by manifest.
246 silly tarball no local data for react@https://registry.npmjs.org/react/-/react-18.3.1.tgz. Extracting by manifest.
247 silly tarball no local data for react-router@https://registry.npmjs.org/react-router/-/react-router-7.1.1.tgz. Extracting by manifest.
248 silly tarball no local data for postcss-selector-parser@https://registry.npmjs.org/postcss-selector-parser/-/postcss-selector-parser-6.1.4.tgz. Extracting by manifest.
249 silly tarball no local data for postcss-nested@https://registry.npmjs.org/postcss-nested/-/postcss-nested-6.2.0.tgz. Extracting by manifest.
250 silly tarball no local data for queue-microtask@https://registry.npmjs.org/queue-microtask/-/queue-microtask-1.2.3.tgz. Extracting by manifest.
251 silly tarball no local data for postcss-value-parser@https://registry.npmjs.org/postcss-value-parser/-/postcss-value-parser-4.2.0.tgz. Extracting by manifest.
252 silly tarball no local data for prop-types@https://registry.npmjs.org/prop-types/-/prop-types-15.8.1.tgz. Extracting by manifest.
253 silly tarball no local data for proxy-from-env@https://registry.npmjs.org/proxy-from-env/-/proxy-from-env-1.1.0.tgz. Extracting by manifest.
254 silly tarball no local data for postcss-load-config@https://registry.npmjs.org/postcss-load-config/-/postcss-load-config-4.0.2.tgz. Extracting by manifest.
255 silly tarball no local data for postcss-js@https://registry.npmjs.org/postcss-js/-/postcss-js-4.1.0.tgz. Extracting by manifest.
256 silly tarball no local data for postcss-import@https://registry.npmjs.org/postcss-import/-/postcss-import-15.1.0.tgz. Extracting by manifest.
257 silly tarball no local data for pirates@https://registry.npmjs.org/pirates/-/pirates-4.0.7.tgz. Extracting by manifest.
258 silly tarball no local data for path-parse@https://registry.npmjs.org/path-parse/-/path-parse-1.0.7.tgz. Extracting by manifest.
259 silly tarball no local data for picomatch@https://registry.npmjs.org/picomatch/-/picomatch-2.3.2.tgz. Extracting by manifest.
260 silly tarball no local data for picocolors@https://registry.npmjs.org/picocolors/-/picocolors-1.1.1.tgz. Extracting by manifest.
261 silly tarball no local data for postcss@https://registry.npmjs.org/postcss/-/postcss-8.4.49.tgz. Extracting by manifest.
262 silly tarball no local data for object-assign@https://registry.npmjs.org/object-assign/-/object-assign-4.1.1.tgz. Extracting by manifest.
263 silly tarball no local data for object-hash@https://registry.npmjs.org/object-hash/-/object-hash-3.0.0.tgz. Extracting by manifest.
264 silly tarball no local data for node-releases@https://registry.npmjs.org/node-releases/-/node-releases-2.0.53.tgz. Extracting by manifest.
265 silly tarball no local data for normalize-range@https://registry.npmjs.org/normalize-range/-/normalize-range-0.1.2.tgz. Extracting by manifest.
266 silly tarball no local data for pify@https://registry.npmjs.org/pify/-/pify-2.3.0.tgz. Extracting by manifest.
267 silly tarball no local data for nanoid@https://registry.npmjs.org/nanoid/-/nanoid-3.3.18.tgz. Extracting by manifest.
268 silly tarball no local data for normalize-path@https://registry.npmjs.org/normalize-path/-/normalize-path-3.0.0.tgz. Extracting by manifest.
269 silly tarball no local data for mz@https://registry.npmjs.org/mz/-/mz-2.7.0.tgz. Extracting by manifest.
270 silly tarball no local data for mime-types@https://registry.npmjs.org/mime-types/-/mime-types-2.1.35.tgz. Extracting by manifest.
271 silly tarball no local data for ms@https://registry.npmjs.org/ms/-/ms-2.1.3.tgz. Extracting by manifest.
272 silly tarball no local data for micromatch@https://registry.npmjs.org/micromatch/-/micromatch-4.0.8.tgz. Extracting by manifest.
273 silly tarball no local data for mime-db@https://registry.npmjs.org/mime-db/-/mime-db-1.52.0.tgz. Extracting by manifest.
274 silly tarball no local data for math-intrinsics@https://registry.npmjs.org/math-intrinsics/-/math-intrinsics-1.1.0.tgz. Extracting by manifest.
275 silly tarball no local data for lucide-react@https://registry.npmjs.org/lucide-react/-/lucide-react-0.468.0.tgz. Extracting by manifest.
276 silly tarball no local data for merge2@https://registry.npmjs.org/merge2/-/merge2-1.4.1.tgz. Extracting by manifest.
277 silly tarball no local data for loose-envify@https://registry.npmjs.org/loose-envify/-/loose-envify-1.4.0.tgz. Extracting by manifest.
278 silly tarball no local data for lilconfig@https://registry.npmjs.org/lilconfig/-/lilconfig-3.1.3.tgz. Extracting by manifest.
279 silly tarball no local data for lru-cache@https://registry.npmjs.org/lru-cache/-/lru-cache-5.1.1.tgz. Extracting by manifest.
280 silly tarball no local data for lodash@https://registry.npmjs.org/lodash/-/lodash-4.18.1.tgz. Extracting by manifest.
281 silly tarball no local data for js-tokens@https://registry.npmjs.org/js-tokens/-/js-tokens-4.0.0.tgz. Extracting by manifest.
282 silly tarball no local data for lines-and-columns@https://registry.npmjs.org/lines-and-columns/-/lines-and-columns-1.2.4.tgz. Extracting by manifest.
283 silly tarball no local data for is-number@https://registry.npmjs.org/is-number/-/is-number-7.0.0.tgz. Extracting by manifest.
284 silly tarball no local data for jsesc@https://registry.npmjs.org/jsesc/-/jsesc-3.1.0.tgz. Extracting by manifest.
285 silly tarball no local data for is-glob@https://registry.npmjs.org/is-glob/-/is-glob-4.0.3.tgz. Extracting by manifest.
286 silly tarball no local data for is-extglob@https://registry.npmjs.org/is-extglob/-/is-extglob-2.1.1.tgz. Extracting by manifest.
287 silly tarball no local data for json5@https://registry.npmjs.org/json5/-/json5-2.2.3.tgz. Extracting by manifest.
288 silly tarball no local data for is-binary-path@https://registry.npmjs.org/is-binary-path/-/is-binary-path-2.1.0.tgz. Extracting by manifest.
289 silly tarball no local data for is-core-module@https://registry.npmjs.org/is-core-module/-/is-core-module-2.16.2.tgz. Extracting by manifest.
290 silly tarball no local data for jiti@https://registry.npmjs.org/jiti/-/jiti-1.21.7.tgz. Extracting by manifest.
291 silly tarball no local data for internmap@https://registry.npmjs.org/internmap/-/internmap-2.0.3.tgz. Extracting by manifest.
292 silly tarball no local data for hasown@https://registry.npmjs.org/hasown/-/hasown-2.0.4.tgz. Extracting by manifest.
293 silly tarball no local data for has-symbols@https://registry.npmjs.org/has-symbols/-/has-symbols-1.1.0.tgz. Extracting by manifest.
294 silly tarball no local data for has-tostringtag@https://registry.npmjs.org/has-tostringtag/-/has-tostringtag-1.0.2.tgz. Extracting by manifest.
295 silly tarball no local data for get-proto@https://registry.npmjs.org/get-proto/-/get-proto-1.0.1.tgz. Extracting by manifest.
296 silly tarball no local data for gopd@https://registry.npmjs.org/gopd/-/gopd-1.2.0.tgz. Extracting by manifest.
297 silly tarball no local data for glob-parent@https://registry.npmjs.org/glob-parent/-/glob-parent-6.0.2.tgz. Extracting by manifest.
298 silly tarball no local data for gensync@https://registry.npmjs.org/gensync/-/gensync-1.0.0-beta.2.tgz. Extracting by manifest.
299 silly tarball no local data for get-intrinsic@https://registry.npmjs.org/get-intrinsic/-/get-intrinsic-1.3.0.tgz. Extracting by manifest.
300 silly tarball no local data for form-data@https://registry.npmjs.org/form-data/-/form-data-4.0.6.tgz. Extracting by manifest.
301 silly tarball no local data for function-bind@https://registry.npmjs.org/function-bind/-/function-bind-1.1.2.tgz. Extracting by manifest.
302 silly tarball no local data for fraction.js@https://registry.npmjs.org/fraction.js/-/fraction.js-4.3.7.tgz. Extracting by manifest.
303 silly tarball no local data for fill-range@https://registry.npmjs.org/fill-range/-/fill-range-7.1.1.tgz. Extracting by manifest.
304 silly tarball no local data for follow-redirects@https://registry.npmjs.org/follow-redirects/-/follow-redirects-1.16.0.tgz. Extracting by manifest.
305 silly tarball no local data for fastq@https://registry.npmjs.org/fastq/-/fastq-1.20.1.tgz. Extracting by manifest.
306 silly tarball no local data for eventemitter3@https://registry.npmjs.org/eventemitter3/-/eventemitter3-4.0.7.tgz. Extracting by manifest.
307 silly tarball no local data for fast-equals@https://registry.npmjs.org/fast-equals/-/fast-equals-5.4.1.tgz. Extracting by manifest.
308 silly tarball no local data for esbuild@https://registry.npmjs.org/esbuild/-/esbuild-0.24.0.tgz. Extracting by manifest.
309 silly tarball no local data for fast-glob@https://registry.npmjs.org/fast-glob/-/fast-glob-3.3.3.tgz. Extracting by manifest.
310 silly tarball no local data for escalade@https://registry.npmjs.org/escalade/-/escalade-3.2.0.tgz. Extracting by manifest.
311 silly tarball no local data for es-errors@https://registry.npmjs.org/es-errors/-/es-errors-1.3.0.tgz. Extracting by manifest.
312 silly tarball no local data for es-object-atoms@https://registry.npmjs.org/es-object-atoms/-/es-object-atoms-1.1.2.tgz. Extracting by manifest.
313 silly tarball no local data for electron-to-chromium@https://registry.npmjs.org/electron-to-chromium/-/electron-to-chromium-1.5.411.tgz. Extracting by manifest.
314 silly tarball no local data for es-set-tostringtag@https://registry.npmjs.org/es-set-tostringtag/-/es-set-tostringtag-2.1.0.tgz. Extracting by manifest.
315 silly tarball no local data for es-define-property@https://registry.npmjs.org/es-define-property/-/es-define-property-1.0.1.tgz. Extracting by manifest.
316 silly tarball no local data for dunder-proto@https://registry.npmjs.org/dunder-proto/-/dunder-proto-1.0.1.tgz. Extracting by manifest.
317 silly tarball no local data for didyoumean@https://registry.npmjs.org/didyoumean/-/didyoumean-1.2.2.tgz. Extracting by manifest.
318 silly tarball no local data for delayed-stream@https://registry.npmjs.org/delayed-stream/-/delayed-stream-1.0.0.tgz. Extracting by manifest.
319 silly tarball no local data for dom-helpers@https://registry.npmjs.org/dom-helpers/-/dom-helpers-5.2.1.tgz. Extracting by manifest.
320 silly tarball no local data for decimal.js-light@https://registry.npmjs.org/decimal.js-light/-/decimal.js-light-2.5.1.tgz. Extracting by manifest.
321 silly tarball no local data for dlv@https://registry.npmjs.org/dlv/-/dlv-1.1.3.tgz. Extracting by manifest.
322 silly tarball no local data for debug@https://registry.npmjs.org/debug/-/debug-4.4.3.tgz. Extracting by manifest.
323 silly tarball no local data for d3-time-format@https://registry.npmjs.org/d3-time-format/-/d3-time-format-4.1.0.tgz. Extracting by manifest.
324 silly tarball no local data for d3-time@https://registry.npmjs.org/d3-time/-/d3-time-3.1.0.tgz. Extracting by manifest.
325 silly tarball no local data for d3-timer@https://registry.npmjs.org/d3-timer/-/d3-timer-3.0.1.tgz. Extracting by manifest.
326 silly tarball no local data for d3-shape@https://registry.npmjs.org/d3-shape/-/d3-shape-3.2.0.tgz. Extracting by manifest.
327 silly tarball no local data for d3-interpolate@https://registry.npmjs.org/d3-interpolate/-/d3-interpolate-3.0.1.tgz. Extracting by manifest.
328 silly tarball no local data for d3-scale@https://registry.npmjs.org/d3-scale/-/d3-scale-4.0.2.tgz. Extracting by manifest.
329 silly tarball no local data for d3-color@https://registry.npmjs.org/d3-color/-/d3-color-3.1.0.tgz. Extracting by manifest.
330 silly tarball no local data for d3-format@https://registry.npmjs.org/d3-format/-/d3-format-3.1.2.tgz. Extracting by manifest.
331 silly tarball no local data for d3-path@https://registry.npmjs.org/d3-path/-/d3-path-3.1.0.tgz. Extracting by manifest.
332 silly tarball no local data for csstype@https://registry.npmjs.org/csstype/-/csstype-3.2.3.tgz. Extracting by manifest.
333 silly tarball no local data for d3-ease@https://registry.npmjs.org/d3-ease/-/d3-ease-3.0.1.tgz. Extracting by manifest.
334 silly tarball no local data for cookie@https://registry.npmjs.org/cookie/-/cookie-1.1.1.tgz. Extracting by manifest.
335 silly tarball no local data for d3-array@https://registry.npmjs.org/d3-array/-/d3-array-3.2.4.tgz. Extracting by manifest.
336 silly tarball no local data for cssesc@https://registry.npmjs.org/cssesc/-/cssesc-3.0.0.tgz. Extracting by manifest.
337 silly tarball no local data for commander@https://registry.npmjs.org/commander/-/commander-4.1.1.tgz. Extracting by manifest.
338 silly tarball no local data for convert-source-map@https://registry.npmjs.org/convert-source-map/-/convert-source-map-2.0.0.tgz. Extracting by manifest.
339 silly tarball no local data for clsx@https://registry.npmjs.org/clsx/-/clsx-2.1.1.tgz. Extracting by manifest.
340 silly tarball no local data for combined-stream@https://registry.npmjs.org/combined-stream/-/combined-stream-1.0.8.tgz. Extracting by manifest.
341 silly tarball no local data for caniuse-lite@https://registry.npmjs.org/caniuse-lite/-/caniuse-lite-1.0.30001809.tgz. Extracting by manifest.
342 silly tarball no local data for camelcase-css@https://registry.npmjs.org/camelcase-css/-/camelcase-css-2.0.1.tgz. Extracting by manifest.
343 silly tarball no local data for call-bind-apply-helpers@https://registry.npmjs.org/call-bind-apply-helpers/-/call-bind-apply-helpers-1.0.2.tgz. Extracting by manifest.
344 silly tarball no local data for browserslist@https://registry.npmjs.org/browserslist/-/browserslist-4.28.8.tgz. Extracting by manifest.
345 silly tarball no local data for braces@https://registry.npmjs.org/braces/-/braces-3.0.3.tgz. Extracting by manifest.
346 silly tarball no local data for chokidar@https://registry.npmjs.org/chokidar/-/chokidar-3.6.0.tgz. Extracting by manifest.
347 silly tarball no local data for binary-extensions@https://registry.npmjs.org/binary-extensions/-/binary-extensions-2.3.0.tgz. Extracting by manifest.
348 silly tarball no local data for axios@https://registry.npmjs.org/axios/-/axios-1.7.9.tgz. Extracting by manifest.
349 silly tarball no local data for baseline-browser-mapping@https://registry.npmjs.org/baseline-browser-mapping/-/baseline-browser-mapping-2.11.15.tgz. Extracting by manifest.
350 silly tarball no local data for asynckit@https://registry.npmjs.org/asynckit/-/asynckit-0.4.0.tgz. Extracting by manifest.
351 silly tarball no local data for autoprefixer@https://registry.npmjs.org/autoprefixer/-/autoprefixer-10.4.20.tgz. Extracting by manifest.
352 silly tarball no local data for @vitejs/plugin-react@https://registry.npmjs.org/@vitejs/plugin-react/-/plugin-react-4.3.4.tgz. Extracting by manifest.
353 silly tarball no local data for anymatch@https://registry.npmjs.org/anymatch/-/anymatch-3.1.3.tgz. Extracting by manifest.
354 silly tarball no local data for arg@https://registry.npmjs.org/arg/-/arg-5.0.2.tgz. Extracting by manifest.
355 silly tarball no local data for @types/d3-timer@https://registry.npmjs.org/@types/d3-timer/-/d3-timer-3.0.2.tgz. Extracting by manifest.
356 silly tarball no local data for @types/estree@https://registry.npmjs.org/@types/estree/-/estree-1.0.9.tgz. Extracting by manifest.
357 silly tarball no local data for any-promise@https://registry.npmjs.org/any-promise/-/any-promise-1.3.0.tgz. Extracting by manifest.
358 silly tarball no local data for @types/d3-scale@https://registry.npmjs.org/@types/d3-scale/-/d3-scale-4.0.9.tgz. Extracting by manifest.
359 silly tarball no local data for @types/d3-time@https://registry.npmjs.org/@types/d3-time/-/d3-time-3.0.4.tgz. Extracting by manifest.
360 silly tarball no local data for @types/d3-path@https://registry.npmjs.org/@types/d3-path/-/d3-path-3.1.1.tgz. Extracting by manifest.
361 silly tarball no local data for @types/d3-shape@https://registry.npmjs.org/@types/d3-shape/-/d3-shape-3.1.8.tgz. Extracting by manifest.
362 silly tarball no local data for @types/d3-ease@https://registry.npmjs.org/@types/d3-ease/-/d3-ease-3.0.2.tgz. Extracting by manifest.
363 silly tarball no local data for @types/d3-array@https://registry.npmjs.org/@types/d3-array/-/d3-array-3.2.2.tgz. Extracting by manifest.
364 silly tarball no local data for @types/d3-interpolate@https://registry.npmjs.org/@types/d3-interpolate/-/d3-interpolate-3.0.4.tgz. Extracting by manifest.
365 silly tarball no local data for @types/cookie@https://registry.npmjs.org/@types/cookie/-/cookie-0.6.0.tgz. Extracting by manifest.
366 silly tarball no local data for @types/babel__traverse@https://registry.npmjs.org/@types/babel__traverse/-/babel__traverse-7.28.0.tgz. Extracting by manifest.
367 silly tarball no local data for @types/d3-color@https://registry.npmjs.org/@types/d3-color/-/d3-color-3.1.3.tgz. Extracting by manifest.
368 silly tarball no local data for @types/babel__template@https://registry.npmjs.org/@types/babel__template/-/babel__template-7.4.4.tgz. Extracting by manifest.
369 silly tarball no local data for @rollup/rollup-win32-x64-msvc@https://registry.npmjs.org/@rollup/rollup-win32-x64-msvc/-/rollup-win32-x64-msvc-4.62.4.tgz. Extracting by manifest.
370 silly tarball no local data for @rollup/rollup-win32-x64-gnu@https://registry.npmjs.org/@rollup/rollup-win32-x64-gnu/-/rollup-win32-x64-gnu-4.62.4.tgz. Extracting by manifest.
371 silly tarball no local data for @types/babel__generator@https://registry.npmjs.org/@types/babel__generator/-/babel__generator-7.27.0.tgz. Extracting by manifest.
372 silly tarball no local data for @types/babel__core@https://registry.npmjs.org/@types/babel__core/-/babel__core-7.20.5.tgz. Extracting by manifest.
373 silly tarball no local data for @jridgewell/trace-mapping@https://registry.npmjs.org/@jridgewell/trace-mapping/-/trace-mapping-0.3.31.tgz. Extracting by manifest.
374 silly tarball no local data for @nodelib/fs.stat@https://registry.npmjs.org/@nodelib/fs.stat/-/fs.stat-2.0.5.tgz. Extracting by manifest.
375 silly tarball no local data for @nodelib/fs.scandir@https://registry.npmjs.org/@nodelib/fs.scandir/-/fs.scandir-2.1.5.tgz. Extracting by manifest.
376 silly tarball no local data for @nodelib/fs.walk@https://registry.npmjs.org/@nodelib/fs.walk/-/fs.walk-1.2.8.tgz. Extracting by manifest.
377 silly tarball no local data for @jridgewell/sourcemap-codec@https://registry.npmjs.org/@jridgewell/sourcemap-codec/-/sourcemap-codec-1.5.5.tgz. Extracting by manifest.
378 silly tarball no local data for @esbuild/win32-x64@https://registry.npmjs.org/@esbuild/win32-x64/-/win32-x64-0.24.0.tgz. Extracting by manifest.
379 silly tarball no local data for @jridgewell/gen-mapping@https://registry.npmjs.org/@jridgewell/gen-mapping/-/gen-mapping-0.3.13.tgz. Extracting by manifest.
380 silly tarball no local data for @jridgewell/remapping@https://registry.npmjs.org/@jridgewell/remapping/-/remapping-2.3.5.tgz. Extracting by manifest.
381 silly tarball no local data for @jridgewell/resolve-uri@https://registry.npmjs.org/@jridgewell/resolve-uri/-/resolve-uri-3.1.2.tgz. Extracting by manifest.
382 silly tarball no local data for @babel/types@https://registry.npmjs.org/@babel/types/-/types-7.29.8.tgz. Extracting by manifest.
383 silly tarball no local data for @babel/traverse@https://registry.npmjs.org/@babel/traverse/-/traverse-7.29.8.tgz. Extracting by manifest.
384 silly tarball no local data for @babel/template@https://registry.npmjs.org/@babel/template/-/template-7.29.7.tgz. Extracting by manifest.
385 silly tarball no local data for @babel/plugin-transform-react-jsx-source@https://registry.npmjs.org/@babel/plugin-transform-react-jsx-source/-/plugin-transform-react-jsx-source-7.29.7.tgz. Extracting by manifest.
386 silly tarball no local data for @babel/runtime@https://registry.npmjs.org/@babel/runtime/-/runtime-7.29.7.tgz. Extracting by manifest.
387 http fetch GET 200 https://registry.npmjs.org/npm 293ms
388 silly tarball no local data for @babel/plugin-transform-react-jsx-self@https://registry.npmjs.org/@babel/plugin-transform-react-jsx-self/-/plugin-transform-react-jsx-self-7.29.7.tgz. Extracting by manifest.
389 silly tarball no local data for @babel/helper-validator-option@https://registry.npmjs.org/@babel/helper-validator-option/-/helper-validator-option-7.29.7.tgz. Extracting by manifest.
390 silly tarball no local data for @babel/parser@https://registry.npmjs.org/@babel/parser/-/parser-7.29.8.tgz. Extracting by manifest.
391 silly tarball no local data for @babel/helper-validator-identifier@https://registry.npmjs.org/@babel/helper-validator-identifier/-/helper-validator-identifier-7.29.7.tgz. Extracting by manifest.
392 silly tarball no local data for @babel/helper-plugin-utils@https://registry.npmjs.org/@babel/helper-plugin-utils/-/helper-plugin-utils-7.29.7.tgz. Extracting by manifest.
393 silly tarball no local data for @babel/helpers@https://registry.npmjs.org/@babel/helpers/-/helpers-7.29.7.tgz. Extracting by manifest.
394 silly tarball no local data for @babel/helper-module-imports@https://registry.npmjs.org/@babel/helper-module-imports/-/helper-module-imports-7.29.7.tgz. Extracting by manifest.
395 silly tarball no local data for @babel/helper-string-parser@https://registry.npmjs.org/@babel/helper-string-parser/-/helper-string-parser-7.29.7.tgz. Extracting by manifest.
396 silly tarball no local data for @babel/helper-globals@https://registry.npmjs.org/@babel/helper-globals/-/helper-globals-7.29.7.tgz. Extracting by manifest.
397 silly tarball no local data for @babel/generator@https://registry.npmjs.org/@babel/generator/-/generator-7.29.8.tgz. Extracting by manifest.
398 silly tarball no local data for @babel/helper-compilation-targets@https://registry.npmjs.org/@babel/helper-compilation-targets/-/helper-compilation-targets-7.29.7.tgz. Extracting by manifest.
399 silly tarball no local data for @babel/core@https://registry.npmjs.org/@babel/core/-/core-7.29.7.tgz. Extracting by manifest.
400 silly tarball no local data for picomatch@https://registry.npmjs.org/picomatch/-/picomatch-4.0.5.tgz. Extracting by manifest.
401 silly tarball no local data for @alloc/quick-lru@https://registry.npmjs.org/@alloc/quick-lru/-/quick-lru-5.2.0.tgz. Extracting by manifest.
402 silly tarball no local data for @babel/compat-data@https://registry.npmjs.org/@babel/compat-data/-/compat-data-7.29.7.tgz. Extracting by manifest.
403 silly tarball no local data for react-is@https://registry.npmjs.org/react-is/-/react-is-16.13.1.tgz. Extracting by manifest.
404 silly tarball no local data for @babel/helper-module-transforms@https://registry.npmjs.org/@babel/helper-module-transforms/-/helper-module-transforms-7.29.7.tgz. Extracting by manifest.
405 silly tarball no local data for @babel/code-frame@https://registry.npmjs.org/@babel/code-frame/-/code-frame-7.29.7.tgz. Extracting by manifest.
406 silly tarball no local data for fdir@https://registry.npmjs.org/fdir/-/fdir-6.5.0.tgz. Extracting by manifest.
407 silly tarball no local data for glob-parent@https://registry.npmjs.org/glob-parent/-/glob-parent-5.1.2.tgz. Extracting by manifest.
408 silly tarball no local data for glob-parent@https://registry.npmjs.org/glob-parent/-/glob-parent-5.1.2.tgz. Extracting by manifest.
409 http fetch GET 200 https://registry.npmjs.org/supports-preserve-symlinks-flag/-/supports-preserve-symlinks-flag-1.0.0.tgz 393ms (cache miss)
410 http fetch GET 200 https://registry.npmjs.org/thenify/-/thenify-3.3.1.tgz 426ms (cache miss)
411 http fetch GET 200 https://registry.npmjs.org/thenify-all/-/thenify-all-1.6.0.tgz 454ms (cache miss)
412 http fetch POST 200 https://registry.npmjs.org/-/npm/v1/security/advisories/bulk 569ms
413 silly audit report {
413 silly audit report   axios: [
413 silly audit report     {
413 silly audit report       id: 1111035,
413 silly audit report       url: 'https://github.com/advisories/GHSA-jr5f-v2jv-69x6',
413 silly audit report       title: 'axios Requests Vulnerable To Possible SSRF and Credential Leakage via Absolute URL',
413 silly audit report       severity: 'high',
413 silly audit report       vulnerable_versions: '>=1.0.0 <1.8.2',
413 silly audit report       cwe: [Array],
413 silly audit report       cvss: [Object]
413 silly audit report     },
413 silly audit report     {
413 silly audit report       id: 1118607,
413 silly audit report       url: 'https://github.com/advisories/GHSA-q8qp-cvcw-x6jj',
413 silly audit report       title: 'Axios has prototype pollution read-side gadgets in HTTP adapter that allow credential injection and request hijacking',
413 silly audit report       severity: 'high',
413 silly audit report       vulnerable_versions: '>=1.0.0 <1.15.2',
413 silly audit report       cwe: [Array],
413 silly audit report       cvss: [Object]
413 silly audit report     },
413 silly audit report     {
413 silly audit report       id: 1112195,
413 silly audit report       url: 'https://github.com/advisories/GHSA-4hjh-wcwx-xvwj',
413 silly audit report       title: 'Axios is vulnerable to DoS attack through lack of data size check',
413 silly audit report       severity: 'high',
413 silly audit report       vulnerable_versions: '>=1.0.0 <1.12.0',
413 silly audit report       cwe: [Array],
413 silly audit report       cvss: [Object]
413 silly audit report     },
413 silly audit report     {
413 silly audit report       id: 1119404,
413 silly audit report       url: 'https://github.com/advisories/GHSA-fvcv-3m26-pcqx',
413 silly audit report       title: 'Axios has Unrestricted Cloud Metadata Exfiltration via Header Injection Chain',
413 silly audit report       severity: 'moderate',
413 silly audit report       vulnerable_versions: '>=1.0.0 <1.15.0',
413 silly audit report       cwe: [Array],
413 silly audit report       cvss: [Object]
413 silly audit report     },
413 silly audit report     {
413 silly audit report       id: 1120125,
413 silly audit report       url: 'https://github.com/advisories/GHSA-62hf-57xw-28j9',
413 silly audit report       title: 'Axios: unbounded recursion in toFormData causes DoS via deeply nested request data',
413 silly audit report       severity: 'moderate',
413 silly audit report       vulnerable_versions: '>=1.0.0 <1.15.1',
413 silly audit report       cwe: [Array],
413 silly audit report       cvss: [Object]
413 silly audit report     },
413 silly audit report     {
413 silly audit report       id: 1120547,
413 silly audit report       url: 'https://github.com/advisories/GHSA-hfxv-24rg-xrqf',
413 silly audit report       title: 'Axios: Regular Expression Denial of Service (ReDoS) via Cookie Name Injection',
413 silly audit report       severity: 'high',
413 silly audit report       vulnerable_versions: '>=1.0.0 <1.16.0',
413 silly audit report       cwe: [Array],
413 silly audit report       cvss: [Object]
413 silly audit report     },
413 silly audit report     {
413 silly audit report       id: 1120643,
413 silly audit report       url: 'https://github.com/advisories/GHSA-777c-7fjr-54vf',
413 silly audit report       title: 'Allocation of Resources Without Limits or Throttling in Axios',
413 silly audit report       severity: 'high',
413 silly audit report       vulnerable_versions: '>=1.7.0 <1.16.0',
413 silly audit report       cwe: [Array],
413 silly audit report       cvss: [Object]
413 silly audit report     },
413 silly audit report     {
413 silly audit report       id: 1120645,
413 silly audit report       url: 'https://github.com/advisories/GHSA-p92q-9vqr-4j8v',
413 silly audit report       title: 'Axios: Proxy-Authorization Credential Leak to Origin Server Across HTTP-to-HTTPS Redirect in Axios Node.js HTTP Adapter',
413 silly audit report       severity: 'high',
413 silly audit report       vulnerable_versions: '>=1.0.0 <1.16.0',
413 silly audit report       cwe: [Array],
413 silly audit report       cvss: [Object]
413 silly audit report     },
413 silly audit report     {
413 silly audit report       id: 1120647,
413 silly audit report       url: 'https://github.com/advisories/GHSA-j5f8-grm9-p9fc',
413 silly audit report       title: 'Axios: Proxy-Authorization header leaks to redirect target when proxy is re-evaluated to direct connection',
413 silly audit report       severity: 'high',
413 silly audit report       vulnerable_versions: '>=1.0.0 <1.16.0',
413 silly audit report       cwe: [Array],
413 silly audit report       cvss: [Object]
413 silly audit report     },
413 silly audit report     {
413 silly audit report       id: 1120649,
413 silly audit report       url: 'https://github.com/advisories/GHSA-3g43-6gmg-66jw',
413 silly audit report       title: 'axios Vulnerable to Credential Theft and Response Hijacking via Prototype Pollution Gadget in Config Merge',
413 silly audit report       severity: 'high',
413 silly audit report       vulnerable_versions: '>=1.0.0 <1.15.2',
413 silly audit report       cwe: [Array],
413 silly audit report       cvss: [Object]
413 silly audit report     },
413 silly audit report     {
413 silly audit report       id: 1120650,
413 silly audit report       url: 'https://github.com/advisories/GHSA-35jp-ww65-95wh',
413 silly audit report       title: 'axios Vulnerable to Full Man-in-the-Middle via Prototype Pollution Gadget in `config.proxy`',
413 silly audit report       severity: 'high',
413 silly audit report       vulnerable_versions: '>=1.0.0 <1.16.0',
413 silly audit report       cwe: [Array],
413 silly audit report       cvss: [Object]
413 silly audit report     },
413 silly audit report     {
413 silly audit report       id: 1120652,
413 silly audit report       url: 'https://github.com/advisories/GHSA-898c-q2cr-xwhg',
413 silly audit report       title: 'axios has DoS & Header Injection via Prototype Pollution Read-Side Gadgets in axios merge functions',
413 silly audit report       severity: 'moderate',
413 silly audit report       vulnerable_versions: '>=1.0.0 <1.16.0',
413 silly audit report       cwe: [Array],
413 silly audit report       cvss: [Object]
413 silly audit report     },
413 silly audit report     {
413 silly audit report       id: 1116673,
413 silly audit report       url: 'https://github.com/advisories/GHSA-3p68-rc4w-qgx5',
413 silly audit report       title: 'Axios has a NO_PROXY Hostname Normalization Bypass that Leads to SSRF',
413 silly audit report       severity: 'moderate',
413 silly audit report       vulnerable_versions: '>=1.0.0 <1.15.0',
413 silly audit report       cwe: [Array],
413 silly audit report       cvss: [Object]
413 silly audit report     },
413 silly audit report     {
413 silly audit report       id: 1117574,
413 silly audit report       url: 'https://github.com/advisories/GHSA-w9j2-pvgh-6h63',
413 silly audit report       title: 'Axios: Authentication Bypass via Prototype Pollution Gadget in `validateStatus` Merge Strategy',
413 silly audit report       severity: 'moderate',
413 silly audit report       vulnerable_versions: '>=1.0.0 <1.15.1',
413 silly audit report       cwe: [Array],
413 silly audit report       cvss: [Object]
413 silly audit report     },
413 silly audit report     {
413 silly audit report       id: 1117576,
413 silly audit report       url: 'https://github.com/advisories/GHSA-pmwg-cvhr-8vh7',
413 silly audit report       title: 'Axios: Incomplete Fix for CVE-2025-62718 — NO_PROXY Protection Bypassed via RFC 1122 Loopback Subnet (127.0.0.0/8) in Axios 1.15.0',
413 silly audit report       severity: 'high',
413 silly audit report       vulnerable_versions: '>=1.0.0 <1.15.1',
413 silly audit report       cwe: [Array],
413 silly audit report       cvss: [Object]
413 silly audit report     },
413 silly audit report     {
413 silly audit report       id: 1117577,
413 silly audit report       url: 'https://github.com/advisories/GHSA-3w6x-2g7m-8v23',
413 silly audit report       title: 'Axios: Invisible JSON Response Tampering via Prototype Pollution Gadget in `parseReviver`',
413 silly audit report       severity: 'moderate',
413 silly audit report       vulnerable_versions: '>=1.0.0 <1.15.2',
413 silly audit report       cwe: [Array],
413 silly audit report       cvss: [Object]
413 silly audit report     },
413 silly audit report     {
413 silly audit report       id: 1117580,
413 silly audit report       url: 'https://github.com/advisories/GHSA-xhjh-pmcv-23jw',
413 silly audit report       title: 'Axios: Null Byte Injection via Reverse-Encoding in AxiosURLSearchParams',
413 silly audit report       severity: 'low',
413 silly audit report       vulnerable_versions: '>=1.0.0 <1.15.1',
413 silly audit report       cwe: [Array],
413 silly audit report       cvss: [Object]
413 silly audit report     },
413 silly audit report     {
413 silly audit report       id: 1117581,
413 silly audit report       url: 'https://github.com/advisories/GHSA-445q-vr5w-6q77',
413 silly audit report       title: 'Axios: CRLF Injection in multipart/form-data body via unsanitized blob.type in formDataToStream',
413 silly audit report       severity: 'moderate',
413 silly audit report       vulnerable_versions: '>=1.0.0 <1.15.1',
413 silly audit report       cwe: [Array],
413 silly audit report       cvss: [Object]
413 silly audit report     },
413 silly audit report     {
413 silly audit report       id: 1117583,
413 silly audit report       url: 'https://github.com/advisories/GHSA-m7pr-hjqh-92cm',
413 silly audit report       title: 'Axios: no_proxy bypass via IP alias allows SSRF',
413 silly audit report       severity: 'moderate',
413 silly audit report       vulnerable_versions: '>=1.0.0 <1.15.1',
413 silly audit report       cwe: [Array],
413 silly audit report       cvss: [Object]
413 silly audit report     },
413 silly audit report     {
413 silly audit report       id: 1117587,
413 silly audit report       url: 'https://github.com/advisories/GHSA-5c9x-8gcm-mpgx',
413 silly audit report       title: "Axios' HTTP adapter-streamed uploads bypass maxBodyLength when maxRedirects: 0",
413 silly audit report       severity: 'moderate',
413 silly audit report       vulnerable_versions: '>=1.0.0 <1.15.1',
413 silly audit report       cwe: [Array],
413 silly audit report       cvss: [Object]
413 silly audit report     },
413 silly audit report     {
413 silly audit report       id: 1117589,
413 silly audit report       url: 'https://github.com/advisories/GHSA-vf2m-468p-8v99',
413 silly audit report       title: 'Axios: HTTP adapter streamed responses bypass maxContentLength',
413 silly audit report       severity: 'moderate',
413 silly audit report       vulnerable_versions: '>=1.0.0 <1.15.1',
413 silly audit report       cwe: [Array],
413 silly audit report       cvss: [Object]
413 silly audit report     },
413 silly audit report     {
413 silly audit report       id: 1117591,
413 silly audit report       url: 'https://github.com/advisories/GHSA-pf86-5x62-jrwf',
413 silly audit report       title: 'Axios: Prototype Pollution Gadgets - Response Tampering, Data Exfiltration, and Request Hijacking',
413 silly audit report       severity: 'high',
413 silly audit report       vulnerable_versions: '>=1.0.0 <1.15.1',
413 silly audit report       cwe: [Array],
413 silly audit report       cvss: [Object]
413 silly audit report     },
413 silly audit report     {
413 silly audit report       id: 1117593,
413 silly audit report       url: 'https://github.com/advisories/GHSA-6chq-wfr3-2hj9',
413 silly audit report       title: 'Axios: Header Injection via Prototype Pollution',
413 silly audit report       severity: 'high',
413 silly audit report       vulnerable_versions: '>=1.0.0 <1.15.1',
413 silly audit report       cwe: [Array],
413 silly audit report       cvss: [Object]
413 silly audit report     },
413 silly audit report     {
413 silly audit report       id: 1117595,
413 silly audit report       url: 'https://github.com/advisories/GHSA-xx6v-rp6x-q39c',
413 silly audit report       title: 'Axios: XSRF Token Cross-Origin Leakage via Prototype Pollution Gadget in `withXSRFToken` Boolean Coercion',
413 silly audit report       severity: 'moderate',
413 silly audit report       vulnerable_versions: '>=1.0.0 <1.15.1',
413 silly audit report       cwe: [Array],
413 silly audit report       cvss: [Object]
413 silly audit report     },
413 silly audit report     {
413 silly audit report       id: 1117858,
413 silly audit report       url: 'https://github.com/advisories/GHSA-43fc-jf86-j433',
413 silly audit report       title: 'Axios is Vulnerable to Denial of Service via __proto__ Key in mergeConfig',
413 silly audit report       severity: 'high',
413 silly audit report       vulnerable_versions: '>=1.0.0 <=1.13.4',
413 silly audit report       cwe: [Array],
413 silly audit report       cvss: [Object]
413 silly audit report     },
413 silly audit report     {
413 silly audit report       id: 1147949,
413 silly audit report       url: 'https://github.com/advisories/GHSA-mmx7-hfxf-jppx',
413 silly audit report       title: 'Axios: Prototype pollution gadgets can alter axios request construction',
413 silly audit report       severity: 'moderate',
413 silly audit report       vulnerable_versions: '>=1.0.0 <1.18.0',
413 silly audit report       cwe: [Array],
413 silly audit report       cvss: [Object]
413 silly audit report     },
413 silly audit report     {
413 silly audit report       id: 1147950,
413 silly audit report       url: 'https://github.com/advisories/GHSA-pmv8-rq9r-6j72',
413 silly audit report       title: 'Axios: Deep formToJSON Key Recursion Can Cause Denial of Service',
413 silly audit report       severity: 'moderate',
413 silly audit report       vulnerable_versions: '>=1.0.0 <1.18.0',
413 silly audit report       cwe: [Array],
413 silly audit report       cvss: [Object]
413 silly audit report     },
413 silly audit report     {
413 silly audit report       id: 1153180,
413 silly audit report       url: 'https://github.com/advisories/GHSA-7q8q-rj6j-mhjq',
413 silly audit report       title: 'Axios: Nested axios option objects can consume polluted prototype values',
413 silly audit report       severity: 'moderate',
413 silly audit report       vulnerable_versions: '>=1.0.0 <1.18.0',
413 silly audit report       cwe: [Array],
413 silly audit report       cvss: [Object]
413 silly audit report     },
413 silly audit report     {
413 silly audit report       id: 1153182,
413 silly audit report       url: 'https://github.com/advisories/GHSA-jqh4-m9w3-8hp9',
413 silly audit report       title: 'Axios: Fetch adapter `ReadableStream` uploads bypass `maxBodyLength`',
413 silly audit report       severity: 'moderate',
413 silly audit report       vulnerable_versions: '>=1.7.0 <1.18.0',
413 silly audit report       cwe: [Array],
413 silly audit report       cvss: [Object]
413 silly audit report     },
413 silly audit report     {
413 silly audit report       id: 1153185,
413 silly audit report       url: 'https://github.com/advisories/GHSA-42h9-826w-cgv3',
413 silly audit report       title: 'Axios: Excessive recursion in formDataToJSON can cause denial of service',
413 silly audit report       severity: 'moderate',
413 silly audit report       vulnerable_versions: '>=1.0.0 <1.18.0',
413 silly audit report       cwe: [Array],
413 silly audit report       cvss: [Object]
413 silly audit report     }
413 silly audit report   ],
413 silly audit report   esbuild: [
413 silly audit report     {
413 silly audit report       id: 1102341,
413 silly audit report       url: 'https://github.com/advisories/GHSA-67mh-4wv8-2f99',
413 silly audit report       title: 'esbuild enables any website to send any requests to the development server and read the response',
413 silly audit report       severity: 'moderate',
413 silly audit report       vulnerable_versions: '<=0.24.2',
413 silly audit report       cwe: [Array],
413 silly audit report       cvss: [Object]
413 silly audit report     }
413 silly audit report   ],
413 silly audit report   postcss: [
413 silly audit report     {
413 silly audit report       id: 1130709,
413 silly audit report       url: 'https://github.com/advisories/GHSA-fxqj-rqcc-2cmp',
413 silly audit report       title: 'PostCSS: incomplete fix of GHSA-6g55-p6wh-862q — attacker-controlled sourceMappingURL reads arbitrary .map files when `from` is unset',
413 silly audit report       severity: 'moderate',
413 silly audit report       vulnerable_versions: '<=8.5.22',
413 silly audit report       cwe: [Array],
413 silly audit report       cvss: [Object]
413 silly audit report     },
413 silly audit report     {
413 silly audit report       id: 1117015,
413 silly audit report       url: 'https://github.com/advisories/GHSA-qx2v-qp2m-jg93',
413 silly audit report       title: 'PostCSS has XSS via Unescaped </style> in its CSS Stringify Output',
413 silly audit report       severity: 'moderate',
413 silly audit report       vulnerable_versions: '<8.5.10',
413 silly audit report       cwe: [Array],
413 silly audit report       cvss: [Object]
413 silly audit report     },
413 silly audit report     {
413 silly audit report       id: 1124252,
413 silly audit report       url: 'https://github.com/advisories/GHSA-6g55-p6wh-862q',
413 silly audit report       title: 'PostCSS: Arbitrary file read and information disclosure via attacker-controlled sourceMappingURL in CSS comments',
413 silly audit report       severity: 'high',
413 silly audit report       vulnerable_versions: '<=8.5.11',
413 silly audit report       cwe: [Array],
413 silly audit report       cvss: [Object]
413 silly audit report     },
413 silly audit report     {
413 silly audit report       id: 1139510,
413 silly audit report       url: 'https://github.com/advisories/GHSA-r28c-9q8g-f849',
413 silly audit report       title: 'PostCSS: Path Traversal in Previous Source Map Auto-Loading (sourceMappingURL) leads to Arbitrary .map File Disclosure',
413 silly audit report       severity: 'high',
413 silly audit report       vulnerable_versions: '<=8.5.17',
413 silly audit report       cwe: [Array],
413 silly audit report       cvss: [Object]
413 silly audit report     }
413 silly audit report   ],
413 silly audit report   'react-router': [
413 silly audit report     {
413 silly audit report       id: 1112053,
413 silly audit report       url: 'https://github.com/advisories/GHSA-2w69-qvjg-hvjx',
413 silly audit report       title: 'React Router vulnerable to XSS via Open Redirects',
413 silly audit report       severity: 'high',
413 silly audit report       vulnerable_versions: '>=7.0.0 <=7.11.0',
413 silly audit report       cwe: [Array],
413 silly audit report       cvss: [Object]
413 silly audit report     },
413 silly audit report     {
413 silly audit report       id: 1112055,
413 silly audit report       url: 'https://github.com/advisories/GHSA-8v8x-cx79-35w7',
413 silly audit report       title: 'React Router SSR XSS in ScrollRestoration',
413 silly audit report       severity: 'high',
413 silly audit report       vulnerable_versions: '>=7.0.0 <7.12.0',
413 silly audit report       cwe: [Array],
413 silly audit report       cvss: [Object]
413 silly audit report     },
413 silly audit report     {
413 silly audit report       id: 1112056,
413 silly audit report       url: 'https://github.com/advisories/GHSA-9jcx-v3wj-wh4m',
413 silly audit report       title: 'React Router has unexpected external redirect via untrusted paths',
413 silly audit report       severity: 'moderate',
413 silly audit report       vulnerable_versions: '>=7.0.0 <7.9.6',
413 silly audit report       cwe: [Array],
413 silly audit report       cvss: [Object]
413 silly audit report     },
413 silly audit report     {
413 silly audit report       id: 1112062,
413 silly audit report       url: 'https://github.com/advisories/GHSA-3cgp-3xvw-98x8',
413 silly audit report       title: 'React Router has XSS Vulnerability',
413 silly audit report       severity: 'high',
413 silly audit report       vulnerable_versions: '>=7.0.0 <=7.8.2',
413 silly audit report       cwe: [Array],
413 silly audit report       cvss: [Object]
413 silly audit report     },
413 silly audit report     {
413 silly audit report       id: 1112266,
413 silly audit report       url: 'https://github.com/advisories/GHSA-cpj6-fhp6-mr6j',
413 silly audit report       title: 'React Router allows pre-render data spoofing on React-Router framework mode',
413 silly audit report       severity: 'high',
413 silly audit report       vulnerable_versions: '>=7.0.0-pre.0 <=7.5.1',
413 silly audit report       cwe: [Array],
413 silly audit report       cvss: [Object]
413 silly audit report     },
413 silly audit report     {
413 silly audit report       id: 1120063,
413 silly audit report       url: 'https://github.com/advisories/GHSA-49rj-9fvp-4h2h',
413 silly audit report       title: "React Router's vendored turbo-stream v2 allows arbitrary constructor invocation via TYPE_ERROR deserialization leading to Unauth RCE",
413 silly audit report       severity: 'high',
413 silly audit report       vulnerable_versions: '>=7.0.0 <=7.14.1',
413 silly audit report       cwe: [Array],
413 silly audit report       cvss: [Object]
413 silly audit report     },
413 silly audit report     {
413 silly audit report       id: 1120069,
413 silly audit report       url: 'https://github.com/advisories/GHSA-8x6r-g9mw-2r78',
413 silly audit report       title: 'React Router vulnerable to DoS via unbounded path expansion in __manifest endpoint',
413 silly audit report       severity: 'high',
413 silly audit report       vulnerable_versions: '>=7.0.0 <7.15.0',
413 silly audit report       cwe: [Array],
413 silly audit report       cvss: [Object]
413 silly audit report     },
413 silly audit report     {
413 silly audit report       id: 1120081,
413 silly audit report       url: 'https://github.com/advisories/GHSA-rxv8-25v2-qmq8',
413 silly audit report       title: 'React Router vulnerable to Denial of Service via reflected user input in single-fetch',
413 silly audit report       severity: 'high',
413 silly audit report       vulnerable_versions: '>=7.0.0 <7.14.0',
413 silly audit report       cwe: [Array],
413 silly audit report       cvss: [Object]
413 silly audit report     },
413 silly audit report     {
413 silly audit report       id: 1120382,
413 silly audit report       url: 'https://github.com/advisories/GHSA-h5cw-625j-3rxh',
413 silly audit report       title: 'React Router has CSRF issue in Action/Server Action Request Processing',
413 silly audit report       severity: 'moderate',
413 silly audit report       vulnerable_versions: '>=7.0.0 <=7.11.0',
413 silly audit report       cwe: [Array],
413 silly audit report       cvss: [Object]
413 silly audit report     },
413 silly audit report     {
413 silly audit report       id: 1124268,
413 silly audit report       url: 'https://github.com/advisories/GHSA-wrjc-x8rr-h8h6',
413 silly audit report       title: 'React Router: Open redirect via backslash in <Link> and useNavigate (CVE-2025-68470 bypass)',
413 silly audit report       severity: 'moderate',
413 silly audit report       vulnerable_versions: '>=6.0.0 <7.18.0',
413 silly audit report       cwe: [Array],
413 silly audit report       cvss: [Object]
413 silly audit report     },
413 silly audit report     {
413 silly audit report       id: 1124272,
413 silly audit report       url: 'https://github.com/advisories/GHSA-337j-9hxr-rhxg',
413 silly audit report       title: 'React Router: Arbitrary Constructor Injection via deserializeErrors() in React Router SSR Hydration',
413 silly audit report       severity: 'moderate',
413 silly audit report       vulnerable_versions: '>=6.4.0 <7.18.0',
413 silly audit report       cwe: [Array],
413 silly audit report       cvss: [Object]
413 silly audit report     },
413 silly audit report     {
413 silly audit report       id: 1124276,
413 silly audit report       url: 'https://github.com/advisories/GHSA-chx6-hx7r-mcp5',
413 silly audit report       title: 'React Router: Unauthenticated Denial of Service via Inefficient Route Matching',
413 silly audit report       severity: 'high',
413 silly audit report       vulnerable_versions: '>=7.0.0 <7.18.0',
413 silly audit report       cwe: [Array],
413 silly audit report       cvss: [Object]
413 silly audit report     },
413 silly audit report     {
413 silly audit report       id: 1136304,
413 silly audit report       url: 'https://github.com/advisories/GHSA-2j2x-hqr9-3h42',
413 silly audit report       title: "React Router's same-origin redirect with path starting // causes open redirect via protocol-relative URL reinterpretation",
413 silly audit report       severity: 'moderate',
413 silly audit report       vulnerable_versions: '>=7.0.0 <7.14.1',
413 silly audit report       cwe: [Array],
413 silly audit report       cvss: [Object]
413 silly audit report     }
413 silly audit report   ],
413 silly audit report   'turbo-stream': [
413 silly audit report     {
413 silly audit report       id: 1120080,
413 silly audit report       url: 'https://github.com/advisories/GHSA-rxv8-25v2-qmq8',
413 silly audit report       title: 'React Router vulnerable to Denial of Service via reflected user input in single-fetch',
413 silly audit report       severity: 'high',
413 silly audit report       vulnerable_versions: '<3.0.0',
413 silly audit report       cwe: [Array],
413 silly audit report       cvss: [Object]
413 silly audit report     }
413 silly audit report   ],
413 silly audit report   vite: [
413 silly audit report     {
413 silly audit report       id: 1102438,
413 silly audit report       url: 'https://github.com/advisories/GHSA-vg6x-rcgg-rjx6',
413 silly audit report       title: 'Websites were able to send any requests to the development server and read the response in vite',
413 silly audit report       severity: 'moderate',
413 silly audit report       vulnerable_versions: '>=6.0.0 <=6.0.8',
413 silly audit report       cwe: [Array],
413 silly audit report       cvss: [Object]
413 silly audit report     },
413 silly audit report     {
413 silly audit report       id: 1103518,
413 silly audit report       url: 'https://github.com/advisories/GHSA-x574-m823-4x7w',
413 silly audit report       title: 'Vite bypasses server.fs.deny when using ?raw??',
413 silly audit report       severity: 'moderate',
413 silly audit report       vulnerable_versions: '>=6.0.0 <6.0.12',
413 silly audit report       cwe: [Array],
413 silly audit report       cvss: [Object]
413 silly audit report     },
413 silly audit report     {
413 silly audit report       id: 1103885,
413 silly audit report       url: 'https://github.com/advisories/GHSA-356w-63v5-8wf4',
413 silly audit report       title: 'Vite has an `server.fs.deny` bypass with an invalid `request-target`',
413 silly audit report       severity: 'moderate',
413 silly audit report       vulnerable_versions: '>=6.0.0 <6.0.15',
413 silly audit report       cwe: [Array],
413 silly audit report       cvss: [Object]
413 silly audit report     },
413 silly audit report     {
413 silly audit report       id: 1104174,
413 silly audit report       url: 'https://github.com/advisories/GHSA-859w-5945-r5v3',
413 silly audit report       title: "Vite's server.fs.deny bypassed with /. for files under project root",
413 silly audit report       severity: 'moderate',
413 silly audit report       vulnerable_versions: '>=6.0.0 <=6.1.5',
413 silly audit report       cwe: [Array],
413 silly audit report       cvss: [Object]
413 silly audit report     },
413 silly audit report     {
413 silly audit report       id: 1104203,
413 silly audit report       url: 'https://github.com/advisories/GHSA-xcj6-pq6g-qj4x',
413 silly audit report       title: 'Vite allows server.fs.deny to be bypassed with .svg or relative paths',
413 silly audit report       severity: 'moderate',
413 silly audit report       vulnerable_versions: '>=6.0.0 <6.0.14',
413 silly audit report       cwe: [Array],
413 silly audit report       cvss: [Object]
413 silly audit report     },
413 silly audit report     {
413 silly audit report       id: 1107324,
413 silly audit report       url: 'https://github.com/advisories/GHSA-g4jq-h2w9-997c',
413 silly audit report       title: 'Vite middleware may serve files starting with the same name with the public directory',
413 silly audit report       severity: 'low',
413 silly audit report       vulnerable_versions: '>=6.0.0 <=6.3.5',
413 silly audit report       cwe: [Array],
413 silly audit report       cvss: [Object]
413 silly audit report     },
413 silly audit report     {
413 silly audit report       id: 1107328,
413 silly audit report       url: 'https://github.com/advisories/GHSA-jqfw-vq24-v9c3',
413 silly audit report       title: "Vite's `server.fs` settings were not applied to HTML files",
413 silly audit report       severity: 'low',
413 silly audit report       vulnerable_versions: '>=6.0.0 <=6.3.5',
413 silly audit report       cwe: [Array],
413 silly audit report       cvss: [Object]
413 silly audit report     },
413 silly audit report     {
413 silly audit report       id: 1109135,
413 silly audit report       url: 'https://github.com/advisories/GHSA-93m4-6634-74q7',
413 silly audit report       title: 'vite allows server.fs.deny bypass via backslash on Windows',
413 silly audit report       severity: 'moderate',
413 silly audit report       vulnerable_versions: '>=6.0.0 <=6.4.0',
413 silly audit report       cwe: [Array],
413 silly audit report       cvss: [Object]
413 silly audit report     },
413 silly audit report     {
413 silly audit report       id: 1112512,
413 silly audit report       url: 'https://github.com/advisories/GHSA-4r4m-qw57-chr8',
413 silly audit report       title: 'Vite has a `server.fs.deny` bypassed for `inline` and `raw` with `?import` query',
413 silly audit report       severity: 'moderate',
413 silly audit report       vulnerable_versions: '>=6.0.0 <6.0.13',
413 silly audit report       cwe: [Array],
413 silly audit report       cvss: [Object]
413 silly audit report     },
413 silly audit report     {
413 silly audit report       id: 1120784,
413 silly audit report       url: 'https://github.com/advisories/GHSA-v6wh-96g9-6wx3',
413 silly audit report       title: 'launch-editor: NTLMv2 hash disclosure via UNC path handling on Windows',
413 silly audit report       severity: 'moderate',
413 silly audit report       vulnerable_versions: '<=6.4.2',
413 silly audit report       cwe: [Array],
413 silly audit report       cvss: [Object]
413 silly audit report     },
413 silly audit report     {
413 silly audit report       id: 1116229,
413 silly audit report       url: 'https://github.com/advisories/GHSA-4w7w-66w2-5vf9',
413 silly audit report       title: 'Vite Vulnerable to Path Traversal in Optimized Deps `.map` Handling',
413 silly audit report       severity: 'moderate',
413 silly audit report       vulnerable_versions: '<=6.4.1',
413 silly audit report       cwe: [Array],
413 silly audit report       cvss: [Object]
413 silly audit report     },
413 silly audit report     {
413 silly audit report       id: 1116234,
413 silly audit report       url: 'https://github.com/advisories/GHSA-p9ff-h696-f583',
413 silly audit report       title: 'Vite Vulnerable to Arbitrary File Read via Vite Dev Server WebSocket',
413 silly audit report       severity: 'high',
413 silly audit report       vulnerable_versions: '>=6.0.0 <=6.4.1',
413 silly audit report       cwe: [Array],
413 silly audit report       cvss: [Object]
413 silly audit report     },
413 silly audit report     {
413 silly audit report       id: 1123525,
413 silly audit report       url: 'https://github.com/advisories/GHSA-fx2h-pf6j-xcff',
413 silly audit report       title: 'vite: `server.fs.deny` bypass on Windows alternate paths',
413 silly audit report       severity: 'high',
413 silly audit report       vulnerable_versions: '<=6.4.2',
413 silly audit report       cwe: [Array],
413 silly audit report       cvss: [Object]
413 silly audit report     }
413 silly audit report   ]
413 silly audit report }
414 silly packumentCache corgi:https://registry.npmjs.org/axios cache-miss
415 silly packumentCache corgi:https://registry.npmjs.org/esbuild cache-miss
416 silly packumentCache corgi:https://registry.npmjs.org/postcss cache-miss
417 silly packumentCache corgi:https://registry.npmjs.org/react-router cache-miss
418 silly packumentCache corgi:https://registry.npmjs.org/turbo-stream cache-miss
419 silly packumentCache corgi:https://registry.npmjs.org/vite cache-miss
420 http fetch GET 200 https://registry.npmjs.org/util-deprecate/-/util-deprecate-1.0.2.tgz 516ms (cache miss)
421 http fetch GET 200 https://registry.npmjs.org/run-parallel/-/run-parallel-1.2.0.tgz 547ms (cache miss)
422 http fetch GET 200 https://registry.npmjs.org/react-router-dom/-/react-router-dom-7.1.1.tgz 563ms (cache miss)
423 http fetch GET 200 https://registry.npmjs.org/read-cache/-/read-cache-1.0.0.tgz 565ms (cache miss)
424 http fetch GET 200 https://registry.npmjs.org/readdirp/-/readdirp-3.6.0.tgz 565ms (cache miss)
425 http fetch GET 200 https://registry.npmjs.org/semver/-/semver-6.3.1.tgz 666ms (cache miss)
426 http fetch GET 200 https://registry.npmjs.org/queue-microtask/-/queue-microtask-1.2.3.tgz 657ms (cache miss)
427 http fetch GET 200 https://registry.npmjs.org/yallist/-/yallist-3.1.1.tgz 715ms (cache miss)
428 http fetch GET 200 https://registry.npmjs.org/proxy-from-env/-/proxy-from-env-1.1.0.tgz 695ms (cache miss)
429 http fetch GET 200 https://registry.npmjs.org/update-browserslist-db/-/update-browserslist-db-1.3.1.tgz 738ms (cache miss)
430 http fetch GET 200 https://registry.npmjs.org/postcss-js/-/postcss-js-4.1.0.tgz 720ms (cache miss)
431 http fetch GET 200 https://registry.npmjs.org/path-parse/-/path-parse-1.0.7.tgz 721ms (cache miss)
432 http fetch GET 200 https://registry.npmjs.org/object-assign/-/object-assign-4.1.1.tgz 723ms (cache miss)
433 http fetch GET 200 https://registry.npmjs.org/node-releases/-/node-releases-2.0.53.tgz 749ms (cache miss)
434 http fetch GET 200 https://registry.npmjs.org/to-regex-range/-/to-regex-range-5.0.1.tgz 768ms (cache miss)
435 http fetch GET 200 https://registry.npmjs.org/postcss-nested/-/postcss-nested-6.2.0.tgz 784ms (cache miss)
436 http fetch GET 200 https://registry.npmjs.org/pirates/-/pirates-4.0.7.tgz 781ms (cache miss)
437 http fetch GET 200 https://registry.npmjs.org/normalize-range/-/normalize-range-0.1.2.tgz 798ms (cache miss)
438 http fetch GET 200 https://registry.npmjs.org/set-cookie-parser/-/set-cookie-parser-2.7.2.tgz 837ms (cache miss)
439 http fetch GET 200 https://registry.npmjs.org/nanoid/-/nanoid-3.3.18.tgz 823ms (cache miss)
440 http fetch GET 200 https://registry.npmjs.org/pify/-/pify-2.3.0.tgz 825ms (cache miss)
441 http fetch GET 200 https://registry.npmjs.org/mime-types/-/mime-types-2.1.35.tgz 824ms (cache miss)
442 http fetch GET 200 https://registry.npmjs.org/normalize-path/-/normalize-path-3.0.0.tgz 825ms (cache miss)
443 http fetch GET 200 https://registry.npmjs.org/loose-envify/-/loose-envify-1.4.0.tgz 822ms (cache miss)
444 http fetch GET 200 https://registry.npmjs.org/ms/-/ms-2.1.3.tgz 825ms (cache miss)
445 http fetch GET 200 https://registry.npmjs.org/merge2/-/merge2-1.4.1.tgz 848ms (cache miss)
446 http fetch GET 200 https://registry.npmjs.org/tinyglobby/-/tinyglobby-0.2.17.tgz 891ms (cache miss)
447 http fetch GET 200 https://registry.npmjs.org/micromatch/-/micromatch-4.0.8.tgz 871ms (cache miss)
448 http fetch GET 200 https://registry.npmjs.org/jsesc/-/jsesc-3.1.0.tgz 867ms (cache miss)
449 http fetch GET 200 https://registry.npmjs.org/lilconfig/-/lilconfig-3.1.3.tgz 871ms (cache miss)
450 http fetch GET 200 https://registry.npmjs.org/lines-and-columns/-/lines-and-columns-1.2.4.tgz 870ms (cache miss)
451 http fetch GET 200 https://registry.npmjs.org/is-binary-path/-/is-binary-path-2.1.0.tgz 891ms (cache miss)
452 http fetch GET 200 https://registry.npmjs.org/gopd/-/gopd-1.2.0.tgz 890ms (cache miss)
453 http fetch GET 200 https://registry.npmjs.org/is-glob/-/is-glob-4.0.3.tgz 923ms (cache miss)
454 http fetch GET 200 https://registry.npmjs.org/picocolors/-/picocolors-1.1.1.tgz 945ms (cache miss)
455 http fetch GET 200 https://registry.npmjs.org/lru-cache/-/lru-cache-5.1.1.tgz 944ms (cache miss)
456 http fetch GET 200 https://registry.npmjs.org/is-number/-/is-number-7.0.0.tgz 944ms (cache miss)
457 http fetch GET 200 https://registry.npmjs.org/is-extglob/-/is-extglob-2.1.1.tgz 944ms (cache miss)
458 http fetch GET 200 https://registry.npmjs.org/internmap/-/internmap-2.0.3.tgz 963ms (cache miss)
459 http fetch GET 200 https://registry.npmjs.org/fill-range/-/fill-range-7.1.1.tgz 960ms (cache miss)
460 http fetch GET 200 https://registry.npmjs.org/function-bind/-/function-bind-1.1.2.tgz 963ms (cache miss)
461 http fetch GET 200 https://registry.npmjs.org/eventemitter3/-/eventemitter3-4.0.7.tgz 991ms (cache miss)
462 http fetch GET 200 https://registry.npmjs.org/glob-parent/-/glob-parent-6.0.2.tgz 1020ms (cache miss)
463 http fetch GET 200 https://registry.npmjs.org/escalade/-/escalade-3.2.0.tgz 1037ms (cache miss)
464 http fetch GET 200 https://registry.npmjs.org/es-set-tostringtag/-/es-set-tostringtag-2.1.0.tgz 1055ms (cache miss)
465 http fetch GET 200 https://registry.npmjs.org/dunder-proto/-/dunder-proto-1.0.1.tgz 1055ms (cache miss)
466 http fetch GET 200 https://registry.npmjs.org/dlv/-/dlv-1.1.3.tgz 1076ms (cache miss)
467 http fetch GET 200 https://registry.npmjs.org/didyoumean/-/didyoumean-1.2.2.tgz 1079ms (cache miss)
468 http fetch GET 200 https://registry.npmjs.org/convert-source-map/-/convert-source-map-2.0.0.tgz 1073ms (cache miss)
469 http fetch GET 200 https://registry.npmjs.org/d3-path/-/d3-path-3.1.0.tgz 1094ms (cache miss)
470 http fetch GET 200 https://registry.npmjs.org/d3-color/-/d3-color-3.1.0.tgz 1097ms (cache miss)
471 http fetch GET 200 https://registry.npmjs.org/call-bind-apply-helpers/-/call-bind-apply-helpers-1.0.2.tgz 1094ms (cache miss)
472 http fetch GET 200 https://registry.npmjs.org/react-is/-/react-is-18.3.1.tgz 1148ms (cache miss)
473 http fetch GET 200 https://registry.npmjs.org/object-hash/-/object-hash-3.0.0.tgz 1140ms (cache miss)
474 http fetch GET 200 https://registry.npmjs.org/cssesc/-/cssesc-3.0.0.tgz 1122ms (cache miss)
475 http fetch GET 200 https://registry.npmjs.org/camelcase-css/-/camelcase-css-2.0.1.tgz 1131ms (cache miss)
476 http fetch GET 200 https://registry.npmjs.org/arg/-/arg-5.0.2.tgz 1126ms (cache miss)
477 http fetch GET 200 https://registry.npmjs.org/any-promise/-/any-promise-1.3.0.tgz 1126ms (cache miss)
478 http fetch GET 200 https://registry.npmjs.org/@types/d3-timer/-/d3-timer-3.0.2.tgz 1130ms (cache miss)
479 http fetch GET 200 https://registry.npmjs.org/binary-extensions/-/binary-extensions-2.3.0.tgz 1153ms (cache miss)
480 http fetch GET 200 https://registry.npmjs.org/asynckit/-/asynckit-0.4.0.tgz 1153ms (cache miss)
481 http fetch GET 200 https://registry.npmjs.org/combined-stream/-/combined-stream-1.0.8.tgz 1158ms (cache miss)
482 http fetch GET 200 https://registry.npmjs.org/follow-redirects/-/follow-redirects-1.16.0.tgz 1178ms (cache miss)
483 http fetch GET 200 https://registry.npmjs.org/anymatch/-/anymatch-3.1.3.tgz 1161ms (cache miss)
484 http fetch GET 200 https://registry.npmjs.org/@types/estree/-/estree-1.0.9.tgz 1160ms (cache miss)
485 http fetch GET 200 https://registry.npmjs.org/@types/d3-time/-/d3-time-3.0.4.tgz 1164ms (cache miss)
486 http fetch GET 200 https://registry.npmjs.org/@types/d3-path/-/d3-path-3.1.1.tgz 1185ms (cache miss)
487 http fetch GET 200 https://registry.npmjs.org/@types/d3-ease/-/d3-ease-3.0.2.tgz 1185ms (cache miss)
488 http fetch GET 200 https://registry.npmjs.org/@types/d3-array/-/d3-array-3.2.2.tgz 1200ms (cache miss)
489 http fetch GET 200 https://registry.npmjs.org/@types/d3-color/-/d3-color-3.1.3.tgz 1200ms (cache miss)
490 http fetch GET 200 https://registry.npmjs.org/js-tokens/-/js-tokens-4.0.0.tgz 1243ms (cache miss)
491 http fetch GET 200 https://registry.npmjs.org/@types/babel__traverse/-/babel__traverse-7.28.0.tgz 1218ms (cache miss)
492 http fetch GET 200 https://registry.npmjs.org/@types/cookie/-/cookie-0.6.0.tgz 1219ms (cache miss)
493 http fetch GET 200 https://registry.npmjs.org/@types/babel__template/-/babel__template-7.4.4.tgz 1219ms (cache miss)
494 http fetch GET 200 https://registry.npmjs.org/@nodelib/fs.walk/-/fs.walk-1.2.8.tgz 1217ms (cache miss)
495 http fetch GET 200 https://registry.npmjs.org/gensync/-/gensync-1.0.0-beta.2.tgz 1254ms (cache miss)
496 http fetch GET 200 https://registry.npmjs.org/@types/d3-interpolate/-/d3-interpolate-3.0.4.tgz 1232ms (cache miss)
497 http fetch GET 200 https://registry.npmjs.org/@types/babel__core/-/babel__core-7.20.5.tgz 1232ms (cache miss)
498 http fetch GET 200 https://registry.npmjs.org/@jridgewell/resolve-uri/-/resolve-uri-3.1.2.tgz 1228ms (cache miss)
499 http fetch GET 200 https://registry.npmjs.org/d3-ease/-/d3-ease-3.0.1.tgz 1249ms (cache miss)
500 http fetch GET 200 https://registry.npmjs.org/@types/d3-scale/-/d3-scale-4.0.9.tgz 1239ms (cache miss)
501 http fetch GET 200 https://registry.npmjs.org/@nodelib/fs.scandir/-/fs.scandir-2.1.5.tgz 1251ms (cache miss)
502 http fetch GET 200 https://registry.npmjs.org/ts-interface-checker/-/ts-interface-checker-0.1.13.tgz 1311ms (cache miss)
503 http fetch GET 200 https://registry.npmjs.org/react-refresh/-/react-refresh-0.14.2.tgz 1306ms (cache miss)
504 http fetch GET 200 https://registry.npmjs.org/postcss-value-parser/-/postcss-value-parser-4.2.0.tgz 1315ms (cache miss)
505 http fetch GET 200 https://registry.npmjs.org/@babel/helper-compilation-targets/-/helper-compilation-targets-7.29.7.tgz 1229ms (cache miss)
506 http fetch GET 200 https://registry.npmjs.org/@babel/helper-validator-option/-/helper-validator-option-7.29.7.tgz 1274ms (cache miss)
507 http fetch GET 200 https://registry.npmjs.org/@babel/helper-globals/-/helper-globals-7.29.7.tgz 1273ms (cache miss)
508 http fetch GET 200 https://registry.npmjs.org/postcss-load-config/-/postcss-load-config-4.0.2.tgz 1368ms (cache miss)
509 http fetch GET 200 https://registry.npmjs.org/mz/-/mz-2.7.0.tgz 1366ms (cache miss)
510 http fetch GET 200 https://registry.npmjs.org/is-core-module/-/is-core-module-2.16.2.tgz 1382ms (cache miss)
511 http fetch GET 200 https://registry.npmjs.org/@babel/compat-data/-/compat-data-7.29.7.tgz 1306ms (cache miss)
512 http fetch GET 200 https://registry.npmjs.org/@babel/helper-plugin-utils/-/helper-plugin-utils-7.29.7.tgz 1314ms (cache miss)
513 http fetch GET 200 https://registry.npmjs.org/@babel/plugin-transform-react-jsx-self/-/plugin-transform-react-jsx-self-7.29.7.tgz 1317ms (cache miss)
514 http fetch GET 200 https://registry.npmjs.org/get-intrinsic/-/get-intrinsic-1.3.0.tgz 1395ms (cache miss)
515 http fetch GET 200 https://registry.npmjs.org/fraction.js/-/fraction.js-4.3.7.tgz 1395ms (cache miss)
516 http fetch GET 200 https://registry.npmjs.org/cookie/-/cookie-1.1.1.tgz 1387ms (cache miss)
517 http fetch GET 200 https://registry.npmjs.org/@types/babel__generator/-/babel__generator-7.27.0.tgz 1376ms (cache miss)
518 http fetch GET 200 https://registry.npmjs.org/mime-db/-/mime-db-1.52.0.tgz 1418ms (cache miss)
519 http fetch GET 200 https://registry.npmjs.org/form-data/-/form-data-4.0.6.tgz 1410ms (cache miss)
520 http fetch GET 200 https://registry.npmjs.org/react-is/-/react-is-16.13.1.tgz 1332ms (cache miss)
521 http fetch GET 200 https://registry.npmjs.org/glob-parent/-/glob-parent-5.1.2.tgz 1314ms (cache miss)
522 http fetch GET 200 https://registry.npmjs.org/hasown/-/hasown-2.0.4.tgz 1420ms (cache miss)
523 http fetch GET 200 https://registry.npmjs.org/fdir/-/fdir-6.5.0.tgz 1342ms (cache miss)
524 http fetch GET 200 https://registry.npmjs.org/@babel/code-frame/-/code-frame-7.29.7.tgz 1344ms (cache miss)
525 http fetch GET 200 https://registry.npmjs.org/esbuild/-/esbuild-0.24.0.tgz 1424ms (cache miss)
526 http fetch GET 200 https://registry.npmjs.org/delayed-stream/-/delayed-stream-1.0.0.tgz 1421ms (cache miss)
527 http fetch GET 200 https://registry.npmjs.org/glob-parent/-/glob-parent-5.1.2.tgz 1323ms (cache miss)
528 http fetch GET 200 https://registry.npmjs.org/@alloc/quick-lru/-/quick-lru-5.2.0.tgz 1351ms (cache miss)
529 http fetch GET 200 https://registry.npmjs.org/turbo-stream/-/turbo-stream-2.4.0.tgz 1467ms (cache miss)
530 http fetch GET 200 https://registry.npmjs.org/prop-types/-/prop-types-15.8.1.tgz 1452ms (cache miss)
531 http fetch GET 200 https://registry.npmjs.org/@babel/helper-string-parser/-/helper-string-parser-7.29.7.tgz 1364ms (cache miss)
532 http fetch GET 200 https://registry.npmjs.org/@types/d3-shape/-/d3-shape-3.1.8.tgz 1419ms (cache miss)
533 http fetch GET 200 https://registry.npmjs.org/commander/-/commander-4.1.1.tgz 1450ms (cache miss)
534 http fetch GET 200 https://registry.npmjs.org/reusify/-/reusify-1.1.0.tgz 1495ms (cache miss)
535 http fetch GET 200 https://registry.npmjs.org/picomatch/-/picomatch-2.3.2.tgz 1490ms (cache miss)
536 http fetch GET 200 https://registry.npmjs.org/d3-timer/-/d3-timer-3.0.1.tgz 1482ms (cache miss)
537 http fetch GET 200 https://registry.npmjs.org/es-define-property/-/es-define-property-1.0.1.tgz 1488ms (cache miss)
538 http fetch GET 200 https://registry.npmjs.org/chokidar/-/chokidar-3.6.0.tgz 1477ms (cache miss)
539 http fetch GET 200 https://registry.npmjs.org/tiny-invariant/-/tiny-invariant-1.3.3.tgz 1533ms (cache miss)
540 http fetch GET 200 https://registry.npmjs.org/browserslist/-/browserslist-4.28.8.tgz 1514ms (cache miss)
541 http fetch GET 200 https://registry.npmjs.org/@babel/plugin-transform-react-jsx-source/-/plugin-transform-react-jsx-source-7.29.7.tgz 1502ms (cache miss)
542 http fetch GET 200 https://registry.npmjs.org/clsx/-/clsx-2.1.1.tgz 1524ms (cache miss)
543 http fetch GET 200 https://registry.npmjs.org/turbo-stream 1066ms (cache miss)
544 silly packumentCache corgi:https://registry.npmjs.org/turbo-stream set size:undefined disposed:false
545 http fetch GET 200 https://registry.npmjs.org/debug/-/debug-4.4.3.tgz 1554ms (cache miss)
546 http fetch GET 200 https://registry.npmjs.org/braces/-/braces-3.0.3.tgz 1572ms (cache miss)
547 http fetch GET 200 https://registry.npmjs.org/get-proto/-/get-proto-1.0.1.tgz 1599ms (cache miss)
548 http fetch GET 200 https://registry.npmjs.org/source-map-js/-/source-map-js-1.2.1.tgz 1627ms (cache miss)
549 http fetch GET 200 https://registry.npmjs.org/axios 1140ms (cache miss)
550 silly packumentCache corgi:https://registry.npmjs.org/axios set size:undefined disposed:false
551 http fetch GET 200 https://registry.npmjs.org/electron-to-chromium/-/electron-to-chromium-1.5.411.tgz 1665ms (cache miss)
552 http fetch GET 200 https://registry.npmjs.org/es-object-atoms/-/es-object-atoms-1.1.2.tgz 1698ms (cache miss)
553 http fetch GET 200 https://registry.npmjs.org/@vitejs/plugin-react/-/plugin-react-4.3.4.tgz 1685ms (cache miss)
554 http fetch GET 200 https://registry.npmjs.org/baseline-browser-mapping/-/baseline-browser-mapping-2.11.15.tgz 1687ms (cache miss)
555 http fetch GET 200 https://registry.npmjs.org/@babel/helper-validator-identifier/-/helper-validator-identifier-7.29.7.tgz 1632ms (cache miss)
556 http fetch GET 200 https://registry.npmjs.org/fastq/-/fastq-1.20.1.tgz 1710ms (cache miss)
557 http fetch GET 200 https://registry.npmjs.org/postcss-import/-/postcss-import-15.1.0.tgz 1728ms (cache miss)
558 http fetch GET 200 https://registry.npmjs.org/postcss 1243ms (cache miss)
559 silly packumentCache corgi:https://registry.npmjs.org/postcss set size:undefined disposed:false
560 http fetch GET 200 https://registry.npmjs.org/picomatch/-/picomatch-4.0.5.tgz 1662ms (cache miss)
561 http fetch GET 200 https://registry.npmjs.org/decimal.js-light/-/decimal.js-light-2.5.1.tgz 1737ms (cache miss)
562 http fetch GET 200 https://registry.npmjs.org/has-symbols/-/has-symbols-1.1.0.tgz 1749ms (cache miss)
563 http fetch GET 200 https://registry.npmjs.org/scheduler/-/scheduler-0.23.2.tgz 1775ms (cache miss)
564 http fetch GET 200 https://registry.npmjs.org/has-tostringtag/-/has-tostringtag-1.0.2.tgz 1756ms (cache miss)
565 http fetch GET 200 https://registry.npmjs.org/@babel/helper-module-imports/-/helper-module-imports-7.29.7.tgz 1708ms (cache miss)
566 http fetch GET 200 https://registry.npmjs.org/es-errors/-/es-errors-1.3.0.tgz 1821ms (cache miss)
567 http fetch GET 200 https://registry.npmjs.org/d3-time/-/d3-time-3.1.0.tgz 1843ms (cache miss)
568 http fetch GET 200 https://registry.npmjs.org/fast-equals/-/fast-equals-5.4.1.tgz 1854ms (cache miss)
569 http fetch GET 200 https://registry.npmjs.org/esbuild 1393ms (cache miss)
570 silly packumentCache corgi:https://registry.npmjs.org/esbuild set size:undefined disposed:false
571 http fetch GET 200 https://registry.npmjs.org/csstype/-/csstype-3.2.3.tgz 1869ms (cache miss)
572 http fetch GET 200 https://registry.npmjs.org/@nodelib/fs.stat/-/fs.stat-2.0.5.tgz 1862ms (cache miss)
573 http fetch GET 200 https://registry.npmjs.org/react/-/react-18.3.1.tgz 1927ms (cache miss)
574 http fetch GET 200 https://registry.npmjs.org/recharts-scale/-/recharts-scale-0.4.5.tgz 1939ms (cache miss)
575 http fetch GET 200 https://registry.npmjs.org/json5/-/json5-2.2.3.tgz 1939ms (cache miss)
576 http fetch GET 200 https://registry.npmjs.org/@babel/template/-/template-7.29.7.tgz 1911ms (cache miss)
577 http fetch GET 200 https://registry.npmjs.org/@babel/helper-module-transforms/-/helper-module-transforms-7.29.7.tgz 1875ms (cache miss)
578 http fetch GET 200 https://registry.npmjs.org/react-router 1509ms (cache miss)
579 silly packumentCache corgi:https://registry.npmjs.org/react-router set size:undefined disposed:false
580 http fetch GET 200 https://registry.npmjs.org/math-intrinsics/-/math-intrinsics-1.1.0.tgz 2284ms (cache miss)
581 http fetch GET 200 https://registry.npmjs.org/@jridgewell/sourcemap-codec/-/sourcemap-codec-1.5.5.tgz 2297ms (cache miss)
582 http fetch GET 200 https://registry.npmjs.org/d3-scale/-/d3-scale-4.0.2.tgz 2342ms (cache miss)
583 http fetch GET 200 https://registry.npmjs.org/react-smooth/-/react-smooth-4.0.4.tgz 2389ms (cache miss)
584 http fetch GET 200 https://registry.npmjs.org/@babel/parser/-/parser-7.29.8.tgz 2295ms (cache miss)
585 http fetch GET 200 https://registry.npmjs.org/@rollup/rollup-win32-x64-gnu/-/rollup-win32-x64-gnu-4.62.4.tgz 2350ms (cache miss)
586 http fetch GET 200 https://registry.npmjs.org/vite 1900ms (cache miss)
587 silly packumentCache corgi:https://registry.npmjs.org/vite set size:undefined disposed:false
588 http fetch GET 200 https://registry.npmjs.org/d3-interpolate/-/d3-interpolate-3.0.1.tgz 2462ms (cache miss)
589 http fetch GET 200 https://registry.npmjs.org/@jridgewell/remapping/-/remapping-2.3.5.tgz 2454ms (cache miss)
590 http fetch GET 200 https://registry.npmjs.org/jiti/-/jiti-1.21.7.tgz 2496ms (cache miss)
591 http fetch GET 200 https://registry.npmjs.org/@jridgewell/gen-mapping/-/gen-mapping-0.3.13.tgz 2471ms (cache miss)
592 http fetch GET 200 https://registry.npmjs.org/@rollup/rollup-win32-x64-msvc/-/rollup-win32-x64-msvc-4.62.4.tgz 2548ms (cache miss)
593 silly packumentCache corgi:https://registry.npmjs.org/autoprefixer cache-miss
594 silly packumentCache corgi:https://registry.npmjs.org/postcss-import cache-miss
595 silly packumentCache corgi:https://registry.npmjs.org/postcss-js cache-miss
596 silly packumentCache corgi:https://registry.npmjs.org/postcss-load-config cache-miss
597 silly packumentCache corgi:https://registry.npmjs.org/postcss-nested cache-miss
598 silly packumentCache corgi:https://registry.npmjs.org/tailwindcss cache-miss
599 http fetch GET 200 https://registry.npmjs.org/react-transition-group/-/react-transition-group-4.4.5.tgz 2628ms (cache miss)
600 http fetch GET 200 https://registry.npmjs.org/d3-time-format/-/d3-time-format-4.1.0.tgz 2701ms (cache miss)
601 http fetch GET 200 https://registry.npmjs.org/postcss-selector-parser/-/postcss-selector-parser-6.1.4.tgz 2732ms (cache miss)
602 http fetch GET 200 https://registry.npmjs.org/postcss-js 124ms (cache miss)
603 silly packumentCache corgi:https://registry.npmjs.org/postcss-js set size:undefined disposed:false
604 http fetch GET 200 https://registry.npmjs.org/postcss-import 146ms (cache miss)
605 silly packumentCache corgi:https://registry.npmjs.org/postcss-import set size:undefined disposed:false
606 http fetch GET 200 https://registry.npmjs.org/postcss-nested 154ms (cache miss)
607 silly packumentCache corgi:https://registry.npmjs.org/postcss-nested set size:undefined disposed:false
608 http fetch GET 200 https://registry.npmjs.org/postcss-load-config 163ms (cache miss)
609 silly packumentCache corgi:https://registry.npmjs.org/postcss-load-config set size:undefined disposed:false
610 http fetch GET 200 https://registry.npmjs.org/autoprefixer 195ms (cache miss)
611 silly packumentCache corgi:https://registry.npmjs.org/autoprefixer set size:undefined disposed:false
612 http fetch GET 200 https://registry.npmjs.org/@jridgewell/trace-mapping/-/trace-mapping-0.3.31.tgz 2847ms (cache miss)
613 http fetch GET 200 https://registry.npmjs.org/postcss/-/postcss-8.4.49.tgz 2901ms (cache miss)
614 http fetch GET 200 https://registry.npmjs.org/@babel/generator/-/generator-7.29.8.tgz 2902ms (cache miss)
615 http fetch GET 200 https://registry.npmjs.org/rollup/-/rollup-4.62.4.tgz 3014ms (cache miss)
616 http fetch GET 200 https://registry.npmjs.org/d3-array/-/d3-array-3.2.4.tgz 2984ms (cache miss)
617 http fetch GET 200 https://registry.npmjs.org/vite/-/vite-6.0.5.tgz 3071ms (cache miss)
618 http fetch GET 200 https://registry.npmjs.org/fast-glob/-/fast-glob-3.3.3.tgz 3039ms (cache miss)
619 http fetch GET 200 https://registry.npmjs.org/d3-format/-/d3-format-3.1.2.tgz 3082ms (cache miss)
620 http fetch GET 200 https://registry.npmjs.org/react-dom/-/react-dom-18.3.1.tgz 3130ms (cache miss)
621 http fetch GET 200 https://registry.npmjs.org/d3-shape/-/d3-shape-3.2.0.tgz 3102ms (cache miss)
622 http fetch GET 200 https://registry.npmjs.org/react-router/-/react-router-7.1.1.tgz 3209ms (cache miss)
623 http fetch GET 200 https://registry.npmjs.org/@babel/traverse/-/traverse-7.29.8.tgz 3207ms (cache miss)
624 http fetch GET 200 https://registry.npmjs.org/tailwindcss 642ms (cache miss)
625 silly packumentCache corgi:https://registry.npmjs.org/tailwindcss set size:undefined disposed:false
626 silly packumentCache corgi:https://registry.npmjs.org/react-router-dom cache-miss
627 http fetch GET 200 https://registry.npmjs.org/autoprefixer/-/autoprefixer-10.4.20.tgz 3571ms (cache miss)
628 http fetch GET 200 https://registry.npmjs.org/react-router-dom 201ms (cache miss)
629 silly packumentCache corgi:https://registry.npmjs.org/react-router-dom set size:undefined disposed:false
630 silly packumentCache corgi:https://registry.npmjs.org/@vitejs%2fplugin-react cache-miss
631 http fetch GET 200 https://registry.npmjs.org/@esbuild/win32-x64/-/win32-x64-0.24.0.tgz 4533ms (cache miss)
632 http fetch GET 200 https://registry.npmjs.org/resolve/-/resolve-1.22.12.tgz 4634ms (cache miss)
633 http fetch GET 200 https://registry.npmjs.org/axios/-/axios-1.7.9.tgz 4596ms (cache miss)
634 http fetch GET 200 https://registry.npmjs.org/@vitejs%2fplugin-react 78ms (cache miss)
635 silly packumentCache corgi:https://registry.npmjs.org/@vitejs%2fplugin-react set size:undefined disposed:false
636 http fetch GET 200 https://registry.npmjs.org/@babel/core/-/core-7.29.7.tgz 4793ms (cache miss)
637 http fetch GET 200 https://registry.npmjs.org/dom-helpers/-/dom-helpers-5.2.1.tgz 5423ms (cache miss)
638 http fetch GET 200 https://registry.npmjs.org/@babel/types/-/types-7.29.8.tgz 5426ms (cache miss)
639 http fetch GET 200 https://registry.npmjs.org/@babel/runtime/-/runtime-7.29.7.tgz 5503ms (cache miss)
640 http fetch GET 200 https://registry.npmjs.org/sucrase/-/sucrase-3.35.1.tgz 5715ms (cache miss)
641 http fetch GET 200 https://registry.npmjs.org/yaml/-/yaml-2.9.0.tgz 5900ms (cache miss)
642 http fetch GET 200 https://registry.npmjs.org/@babel/helpers/-/helpers-7.29.7.tgz 5797ms (cache miss)
643 http fetch GET 200 https://registry.npmjs.org/tailwindcss/-/tailwindcss-3.4.17.tgz 5990ms (cache miss)
644 http fetch GET 200 https://registry.npmjs.org/recharts/-/recharts-2.15.0.tgz 6245ms (cache miss)
645 warn deprecated recharts@2.15.0: 1.x and 2.x branches are no longer active. Bump to Recharts v3 to receive latest features and bugfixes. See https://github.com/recharts/recharts/wiki/3.0-migration-guide
646 http fetch GET 200 https://registry.npmjs.org/victory-vendor/-/victory-vendor-36.9.2.tgz 6271ms (cache miss)
647 http fetch GET 200 https://registry.npmjs.org/lodash/-/lodash-4.18.1.tgz 7302ms (cache miss)
648 http fetch GET 200 https://registry.npmjs.org/caniuse-lite/-/caniuse-lite-1.0.30001809.tgz 7610ms (cache miss)
649 http fetch GET 200 https://registry.npmjs.org/lucide-react/-/lucide-react-0.468.0.tgz 13769ms (cache miss)
650 info run esbuild@0.24.0 postinstall node_modules/esbuild node install.js
651 info run esbuild@0.24.0 postinstall { code: 0, signal: null }
652 silly ADD node_modules/yaml
653 silly ADD node_modules/yallist
654 silly ADD node_modules/vite
655 silly ADD node_modules/victory-vendor
656 silly ADD node_modules/util-deprecate
657 silly ADD node_modules/update-browserslist-db
658 silly ADD node_modules/turbo-stream
659 silly ADD node_modules/ts-interface-checker
660 silly ADD node_modules/to-regex-range
661 silly ADD node_modules/tinyglobby
662 silly ADD node_modules/tinyglobby/node_modules/picomatch
663 silly ADD node_modules/tinyglobby/node_modules/fdir
664 silly ADD node_modules/tiny-invariant
665 silly ADD node_modules/thenify-all
666 silly ADD node_modules/thenify
667 silly ADD node_modules/tailwindcss
668 silly ADD node_modules/supports-preserve-symlinks-flag
669 silly ADD node_modules/sucrase
670 silly ADD node_modules/source-map-js
671 silly ADD node_modules/set-cookie-parser
672 silly ADD node_modules/semver
673 silly ADD node_modules/scheduler
674 silly ADD node_modules/run-parallel
675 silly ADD node_modules/rollup
676 silly ADD node_modules/reusify
677 silly ADD node_modules/resolve
678 silly ADD node_modules/recharts-scale
679 silly ADD node_modules/recharts
680 silly ADD node_modules/readdirp
681 silly ADD node_modules/read-cache
682 silly ADD node_modules/react-transition-group
683 silly ADD node_modules/react-smooth
684 silly ADD node_modules/react-router-dom
685 silly ADD node_modules/react-router
686 silly ADD node_modules/react-refresh
687 silly ADD node_modules/react-is
688 silly ADD node_modules/react-dom
689 silly ADD node_modules/react
690 silly ADD node_modules/queue-microtask
691 silly ADD node_modules/proxy-from-env
692 silly ADD node_modules/prop-types
693 silly ADD node_modules/prop-types/node_modules/react-is
694 silly ADD node_modules/postcss-value-parser
695 silly ADD node_modules/postcss-selector-parser
696 silly ADD node_modules/postcss-nested
697 silly ADD node_modules/postcss-load-config
698 silly ADD node_modules/postcss-js
699 silly ADD node_modules/postcss-import
700 silly ADD node_modules/postcss
701 silly ADD node_modules/pirates
702 silly ADD node_modules/pify
703 silly ADD node_modules/picomatch
704 silly ADD node_modules/picocolors
705 silly ADD node_modules/path-parse
706 silly ADD node_modules/object-hash
707 silly ADD node_modules/object-assign
708 silly ADD node_modules/normalize-range
709 silly ADD node_modules/normalize-path
710 silly ADD node_modules/node-releases
711 silly ADD node_modules/nanoid
712 silly ADD node_modules/mz
713 silly ADD node_modules/ms
714 silly ADD node_modules/mime-types
715 silly ADD node_modules/mime-db
716 silly ADD node_modules/micromatch
717 silly ADD node_modules/merge2
718 silly ADD node_modules/math-intrinsics
719 silly ADD node_modules/lucide-react
720 silly ADD node_modules/lru-cache
721 silly ADD node_modules/loose-envify
722 silly ADD node_modules/lodash
723 silly ADD node_modules/lines-and-columns
724 silly ADD node_modules/lilconfig
725 silly ADD node_modules/json5
726 silly ADD node_modules/jsesc
727 silly ADD node_modules/js-tokens
728 silly ADD node_modules/jiti
729 silly ADD node_modules/is-number
730 silly ADD node_modules/is-glob
731 silly ADD node_modules/is-extglob
732 silly ADD node_modules/is-core-module
733 silly ADD node_modules/is-binary-path
734 silly ADD node_modules/internmap
735 silly ADD node_modules/hasown
736 silly ADD node_modules/has-tostringtag
737 silly ADD node_modules/has-symbols
738 silly ADD node_modules/gopd
739 silly ADD node_modules/glob-parent
740 silly ADD node_modules/get-proto
741 silly ADD node_modules/get-intrinsic
742 silly ADD node_modules/gensync
743 silly ADD node_modules/function-bind
744 silly ADD node_modules/fraction.js
745 silly ADD node_modules/form-data
746 silly ADD node_modules/follow-redirects
747 silly ADD node_modules/fill-range
748 silly ADD node_modules/fastq
749 silly ADD node_modules/fast-glob
750 silly ADD node_modules/fast-glob/node_modules/glob-parent
751 silly ADD node_modules/fast-equals
752 silly ADD node_modules/eventemitter3
753 silly ADD node_modules/escalade
754 silly ADD node_modules/esbuild
755 silly ADD node_modules/es-set-tostringtag
756 silly ADD node_modules/es-object-atoms
757 silly ADD node_modules/es-errors
758 silly ADD node_modules/es-define-property
759 silly ADD node_modules/electron-to-chromium
760 silly ADD node_modules/dunder-proto
761 silly ADD node_modules/dom-helpers
762 silly ADD node_modules/dlv
763 silly ADD node_modules/didyoumean
764 silly ADD node_modules/delayed-stream
765 silly ADD node_modules/decimal.js-light
766 silly ADD node_modules/debug
767 silly ADD node_modules/d3-timer
768 silly ADD node_modules/d3-time-format
769 silly ADD node_modules/d3-time
770 silly ADD node_modules/d3-shape
771 silly ADD node_modules/d3-scale
772 silly ADD node_modules/d3-path
773 silly ADD node_modules/d3-interpolate
774 silly ADD node_modules/d3-format
775 silly ADD node_modules/d3-ease
776 silly ADD node_modules/d3-color
777 silly ADD node_modules/d3-array
778 silly ADD node_modules/csstype
779 silly ADD node_modules/cssesc
780 silly ADD node_modules/cookie
781 silly ADD node_modules/convert-source-map
782 silly ADD node_modules/commander
783 silly ADD node_modules/combined-stream
784 silly ADD node_modules/clsx
785 silly ADD node_modules/chokidar
786 silly ADD node_modules/chokidar/node_modules/glob-parent
787 silly ADD node_modules/caniuse-lite
788 silly ADD node_modules/camelcase-css
789 silly ADD node_modules/call-bind-apply-helpers
790 silly ADD node_modules/browserslist
791 silly ADD node_modules/braces
792 silly ADD node_modules/binary-extensions
793 silly ADD node_modules/baseline-browser-mapping
794 silly ADD node_modules/axios
795 silly ADD node_modules/autoprefixer
796 silly ADD node_modules/asynckit
797 silly ADD node_modules/arg
798 silly ADD node_modules/anymatch
799 silly ADD node_modules/any-promise
800 silly ADD node_modules/@vitejs/plugin-react
801 silly ADD node_modules/@types/estree
802 silly ADD node_modules/@types/d3-timer
803 silly ADD node_modules/@types/d3-time
804 silly ADD node_modules/@types/d3-shape
805 silly ADD node_modules/@types/d3-scale
806 silly ADD node_modules/@types/d3-path
807 silly ADD node_modules/@types/d3-interpolate
808 silly ADD node_modules/@types/d3-ease
809 silly ADD node_modules/@types/d3-color
810 silly ADD node_modules/@types/d3-array
811 silly ADD node_modules/@types/cookie
812 silly ADD node_modules/@types/babel__traverse
813 silly ADD node_modules/@types/babel__template
814 silly ADD node_modules/@types/babel__generator
815 silly ADD node_modules/@types/babel__core
816 silly ADD node_modules/@rollup/rollup-win32-x64-msvc
817 silly ADD node_modules/@rollup/rollup-win32-x64-gnu
818 silly ADD node_modules/@nodelib/fs.walk
819 silly ADD node_modules/@nodelib/fs.stat
820 silly ADD node_modules/@nodelib/fs.scandir
821 silly ADD node_modules/@jridgewell/trace-mapping
822 silly ADD node_modules/@jridgewell/sourcemap-codec
823 silly ADD node_modules/@jridgewell/resolve-uri
824 silly ADD node_modules/@jridgewell/remapping
825 silly ADD node_modules/@jridgewell/gen-mapping
826 silly ADD node_modules/@esbuild/win32-x64
827 silly ADD node_modules/@babel/types
828 silly ADD node_modules/@babel/traverse
829 silly ADD node_modules/@babel/template
830 silly ADD node_modules/@babel/runtime
831 silly ADD node_modules/@babel/plugin-transform-react-jsx-source
832 silly ADD node_modules/@babel/plugin-transform-react-jsx-self
833 silly ADD node_modules/@babel/parser
834 silly ADD node_modules/@babel/helpers
835 silly ADD node_modules/@babel/helper-validator-option
836 silly ADD node_modules/@babel/helper-validator-identifier
837 silly ADD node_modules/@babel/helper-string-parser
838 silly ADD node_modules/@babel/helper-plugin-utils
839 silly ADD node_modules/@babel/helper-module-transforms
840 silly ADD node_modules/@babel/helper-module-imports
841 silly ADD node_modules/@babel/helper-globals
842 silly ADD node_modules/@babel/helper-compilation-targets
843 silly ADD node_modules/@babel/generator
844 silly ADD node_modules/@babel/core
845 silly ADD node_modules/@babel/compat-data
846 silly ADD node_modules/@babel/code-frame
847 silly ADD node_modules/@alloc/quick-lru
848 verbose cwd C:\Users\alyad\Downloads\ProductGeni(NEW)\Cognizant_Hackathon-main\frontend
849 verbose os Windows_NT 10.0.26200
850 verbose node v25.6.1
851 verbose npm  v11.9.0
852 notice
852 notice New minor version of npm available! 11.9.0 -> 11.19.1
852 notice Changelog: https://github.com/npm/cli/releases/tag/v11.19.1
852 notice To update run: npm install -g npm@11.19.1
852 notice  { force: true, Symbol(proc-log.meta): true }
853 verbose exit 0
854 info ok
